Position,Name + ID,Name,ID,Roster Position,Salary,Game Info,TeamAbbrev,AvgPointsPerGame
SP,Shane Bieber (22240453),Shane Bieber,22240453,P,11000,CWS@CLE 04/21/2022 01:10PM ET,CLE,19.13
SP,Jacob deGrom (22240454),Jacob deGrom,22240454,P,10800,SF@NYM 04/21/2022 01:10PM ET,NYM,0
SP,Max Scherzer (22240455),Max Scherzer,22240455,P,10500,SF@NYM 04/21/2022 01:10PM ET,NYM,21.48
SP,Carlos Rodon (22240456),Carlos Rodon,22240456,P,10200,SF@NYM 04/21/2022 01:10PM ET,SF,30.42
SP,Dylan Cease (22239812),Dylan Cease,22239812,P,10100,CWS@CLE 04/21/2022 01:10PM ET,CWS,27
SP,Lucas Giolito (22240457),Lucas Giolito,22240457,P,9800,CWS@CLE 04/21/2022 01:10PM ET,CWS,19.2
SP,Carlos Carrasco (22239813),Carlos Carrasco,22239813,P,9800,SF@NYM 04/21/2022 01:10PM ET,NYM,21.9
SP,Alek Manoah (22240459),Alek Manoah,22240459,P,9600,TOR@BOS 04/21/2022 01:35PM ET,TOR,24.9
SP,Chris Sale (22240460),Chris Sale,22240460,P,9600,TOR@BOS 04/21/2022 01:35PM ET,BOS,0
SP,Chris Bassitt (22240458),Chris Bassitt,22240458,P,9600,SF@NYM 04/21/2022 01:10PM ET,NYM,21.9
SP,Gerrit Cole (22240461),Gerrit Cole,22240461,P,9500,NYY@DET 04/21/2022 01:10PM ET,NYY,7.77
SP,Aaron Civale (22240463),Aaron Civale,22240463,P,9300,CWS@CLE 04/21/2022 01:10PM ET,CLE,7.35
SP,Nathan Eovaldi (22240462),Nathan Eovaldi,22240462,P,9300,TOR@BOS 04/21/2022 01:35PM ET,BOS,17
SP,Joe Ryan (22239814),Joe Ryan,22239814,P,9300,MIN@KC 04/21/2022 02:10PM ET,MIN,17.65
SP,Nick Pivetta (22240465),Nick Pivetta,22240465,P,9100,TOR@BOS 04/21/2022 01:35PM ET,BOS,1.75
SP,Logan Webb (22240464),Logan Webb,22240464,P,9100,SF@NYM 04/21/2022 01:10PM ET,SF,22.75
SP,Alex Wood (22240466),Alex Wood,22240466,P,9100,SF@NYM 04/21/2022 01:10PM ET,SF,17.6
SP,Cal Quantrill (22240467),Cal Quantrill,22240467,P,8900,CWS@CLE 04/21/2022 01:10PM ET,CLE,9.58
SP,Kevin Gausman (22239815),Kevin Gausman,22239815,P,8900,TOR@BOS 04/21/2022 01:35PM ET,TOR,16.8
SP,Paul Blackburn (22239816),Paul Blackburn,22239816,P,8600,BAL@OAK 04/21/2022 03:37PM ET,OAK,18.55
SP,Erick Fedde (22240468),Erick Fedde,22240468,P,8500,ARI@WAS 04/21/2022 04:05PM ET,WAS,9.6
SP,Tylor Megill (22240469),Tylor Megill,22240469,P,8400,SF@NYM 04/21/2022 01:10PM ET,NYM,19.25
SP,Alex Cobb (22240470),Alex Cobb,22240470,P,8400,SF@NYM 04/21/2022 01:10PM ET,SF,17.9
SP,Taijuan Walker (22240471),Taijuan Walker,22240471,P,8400,SF@NYM 04/21/2022 01:10PM ET,NYM,12.5
SP,Luis Gil (22240472),Luis Gil,22240472,P,8400,NYY@DET 04/21/2022 01:10PM ET,NYY,0
SP,Zach Plesac (22239817),Zach Plesac,22239817,P,8300,CWS@CLE 04/21/2022 01:10PM ET,CLE,14.08
SP,Frankie Montas (22240473),Frankie Montas,22240473,P,8300,BAL@OAK 04/21/2022 03:37PM ET,OAK,19.13
SP,Triston McKenzie (22240474),Triston McKenzie,22240474,P,8200,CWS@CLE 04/21/2022 01:10PM ET,CLE,11.03
SP,Sonny Gray (22240475),Sonny Gray,22240475,P,8200,MIN@KC 04/21/2022 02:10PM ET,MIN,5.72
SP,Zac Gallen (22240476),Zac Gallen,22240476,P,8100,ARI@WAS 04/21/2022 04:05PM ET,ARI,11.2
SP,Anthony DeSclafani (22239818),Anthony DeSclafani,22239818,P,8000,SF@NYM 04/21/2022 01:10PM ET,SF,9.88
SP,Luis Severino (22240477),Luis Severino,22240477,P,8000,NYY@DET 04/21/2022 01:10PM ET,NYY,14.62
RP,Nestor Cortes (22240478),Nestor Cortes,22240478,P,8000,NYY@DET 04/21/2022 01:10PM ET,NYY,25.4
SP,Tarik Skubal (22240480),Tarik Skubal,22240480,P,8000,NYY@DET 04/21/2022 01:10PM ET,DET,13.28
SP,Bailey Ober (22240479),Bailey Ober,22240479,P,8000,MIN@KC 04/21/2022 02:10PM ET,MIN,14.08
SP,Hyun Jin Ryu (22240481),Hyun Jin Ryu,22240481,P,7900,TOR@BOS 04/21/2022 01:35PM ET,TOR,-1.65
SP,Merrill Kelly (22240482),Merrill Kelly,22240482,P,7800,ARI@WAS 04/21/2022 04:05PM ET,ARI,20.57
SP,Tanner Houck (22239819),Tanner Houck,22239819,P,7800,TOR@BOS 04/21/2022 01:35PM ET,BOS,11.62
SP,Eli Morgan (22240484),Eli Morgan,22240484,P,7700,CWS@CLE 04/21/2022 01:10PM ET,CLE,6.63
RP,Josiah Gray (22240483),Josiah Gray,22240483,P,7700,ARI@WAS 04/21/2022 04:05PM ET,WAS,18.08
SP,Corey Oswalt (22240485),Corey Oswalt,22240485,P,7600,SF@NYM 04/21/2022 01:10PM ET,SF,0
SP,Eduardo Rodriguez (22240486),Eduardo Rodriguez,22240486,P,7600,NYY@DET 04/21/2022 01:10PM ET,DET,9.12
SP,Michael Kopech (22240487),Michael Kopech,22240487,P,7500,CWS@CLE 04/21/2022 01:10PM ET,CWS,14.72
SP,Vince Velasquez (22240489),Vince Velasquez,22240489,P,7500,CWS@CLE 04/21/2022 01:10PM ET,CWS,8.85
SP,Ryan Castellani (22240488),Ryan Castellani,22240488,P,7500,BAL@OAK 04/21/2022 03:37PM ET,OAK,3.02
SP,Jameson Taillon (22240490),Jameson Taillon,22240490,P,7400,NYY@DET 04/21/2022 01:10PM ET,NYY,12.18
SP,Lance Lynn (22240491),Lance Lynn,22240491,P,7300,CWS@CLE 04/21/2022 01:10PM ET,CWS,0
SP,Josh Rogers (22239820),Josh Rogers,22239820,P,7300,ARI@WAS 04/21/2022 04:05PM ET,WAS,10.28
SP,Joe Ross (22240492),Joe Ross,22240492,P,7300,ARI@WAS 04/21/2022 04:05PM ET,WAS,0
SP,Adam Oller (22240494),Adam Oller,22240494,P,7300,BAL@OAK 04/21/2022 03:37PM ET,OAK,-0.55
SP,Deivi Garcia (22240493),Deivi Garcia,22240493,P,7300,NYY@DET 04/21/2022 01:10PM ET,NYY,0
SP,Yusei Kikuchi (22240497),Yusei Kikuchi,22240497,P,7200,TOR@BOS 04/21/2022 01:35PM ET,TOR,7.48
SP,Bruce Zimmermann (22240496),Bruce Zimmermann,22240496,P,7200,BAL@OAK 04/21/2022 03:37PM ET,BAL,16.82
SP,David Peterson (22240495),David Peterson,22240495,P,7200,SF@NYM 04/21/2022 01:10PM ET,NYM,13.38
SP,Casey Mize (22240498),Casey Mize,22240498,P,7200,NYY@DET 04/21/2022 01:10PM ET,DET,4.75
SP,Patrick Corbin (22240500),Patrick Corbin,22240500,P,7100,ARI@WAS 04/21/2022 04:05PM ET,WAS,4.47
SP,James Paxton (22240499),James Paxton,22240499,P,7100,TOR@BOS 04/21/2022 01:35PM ET,BOS,0
SP,Jose Berrios (22240502),Jose Berrios,22240502,P,7100,TOR@BOS 04/21/2022 01:35PM ET,TOR,6.83
SP,James Kaprielian (22240503),James Kaprielian,22240503,P,7100,BAL@OAK 04/21/2022 03:37PM ET,OAK,0
SP,Clarke Schmidt (22240501),Clarke Schmidt,22240501,P,7100,NYY@DET 04/21/2022 01:10PM ET,NYY,9.23
SP,Cole Irvin (22240504),Cole Irvin,22240504,P,6900,BAL@OAK 04/21/2022 03:37PM ET,OAK,10.77
SP,Jordan Montgomery (22239821),Jordan Montgomery,22239821,P,6900,NYY@DET 04/21/2022 01:10PM ET,NYY,9.08
SP,Anthony Kay (22240506),Anthony Kay,22240506,P,6800,TOR@BOS 04/21/2022 01:35PM ET,TOR,6.1
SP,Michael Wacha (22240507),Michael Wacha,22240507,P,6800,TOR@BOS 04/21/2022 01:35PM ET,BOS,16.1
SP,Domingo German (22240505),Domingo German,22240505,P,6800,NYY@DET 04/21/2022 01:10PM ET,NYY,0
SP,Derek Holland (22240508),Derek Holland,22240508,P,6700,TOR@BOS 04/21/2022 01:35PM ET,BOS,0
SP,John Means (22240509),John Means,22240509,P,6700,BAL@OAK 04/21/2022 03:37PM ET,BAL,10
SP,Caleb Smith (22240510),Caleb Smith,22240510,P,6500,ARI@WAS 04/21/2022 04:05PM ET,ARI,-4.4
SP,Brad Keller (22240511),Brad Keller,22240511,P,6500,MIN@KC 04/21/2022 02:10PM ET,KC,20.22
SP,Dallas Keuchel (22240512),Dallas Keuchel,22240512,P,6400,CWS@CLE 04/21/2022 01:10PM ET,CWS,-2.35
SP,Daulton Jefferies (22240513),Daulton Jefferies,22240513,P,6400,BAL@OAK 04/21/2022 03:37PM ET,OAK,10.9
SP,Madison Bumgarner (22240514),Madison Bumgarner,22240514,P,6300,ARI@WAS 04/21/2022 04:05PM ET,ARI,10.82
SP,Michael Pineda (22239822),Michael Pineda,22239822,P,6300,NYY@DET 04/21/2022 01:10PM ET,DET,0
SP,Tyler Alexander (22240515),Tyler Alexander,22240515,P,6300,NYY@DET 04/21/2022 01:10PM ET,DET,7.72
SP,Luke Weaver (22240517),Luke Weaver,22240517,P,6200,ARI@WAS 04/21/2022 04:05PM ET,ARI,-2.3
SP,Mike Baumann (22240516),Mike Baumann,22240516,P,6200,BAL@OAK 04/21/2022 03:37PM ET,BAL,4.72
SP,Dylan Bundy (22240518),Dylan Bundy,22240518,P,6200,MIN@KC 04/21/2022 02:10PM ET,MIN,20.52
SP,Joan Adon (22240519),Joan Adon,22240519,P,6100,ARI@WAS 04/21/2022 04:05PM ET,WAS,9.63
OF,Byron Buxton (22239826),Byron Buxton,22239826,OF,6100,MIN@KC 04/21/2022 02:10PM ET,MIN,10.29
OF,Luis Robert (22239827),Luis Robert,22239827,OF,6000,CWS@CLE 04/21/2022 01:10PM ET,CWS,8.4
SP,Taylor Widener (22240520),Taylor Widener,22240520,P,6000,ARI@WAS 04/21/2022 04:05PM ET,ARI,0
SP,Jorge Lopez (22240521),Jorge Lopez,22240521,P,6000,BAL@OAK 04/21/2022 03:37PM ET,BAL,3.84
SS,Tim Anderson (22239828),Tim Anderson,22239828,SS,5900,CWS@CLE 04/21/2022 01:10PM ET,CWS,10.12
1B,Vladimir Guerrero Jr. (22239829),Vladimir Guerrero Jr.,22239829,1B,5900,TOR@BOS 04/21/2022 01:35PM ET,TOR,10.17
SP,Dean Kremer (22240522),Dean Kremer,22240522,P,5900,BAL@OAK 04/21/2022 03:37PM ET,BAL,0
OF,Starling Marte (22239830),Starling Marte,22239830,OF,5900,SF@NYM 04/21/2022 01:10PM ET,NYM,10.46
SP,Chris Paddack (22240523),Chris Paddack,22240523,P,5900,MIN@KC 04/21/2022 02:10PM ET,MIN,8.52
OF,Juan Soto (22239831),Juan Soto,22239831,OF,5800,ARI@WAS 04/21/2022 04:05PM ET,WAS,8.57
SP,Kris Bubic (22240524),Kris Bubic,22240524,P,5800,MIN@KC 04/21/2022 02:10PM ET,KC,-0.28
SS,Francisco Lindor (22239832),Francisco Lindor,22239832,SS,5700,SF@NYM 04/21/2022 01:10PM ET,NYM,10.92
SP,Matt Manning (22240525),Matt Manning,22240525,P,5700,NYY@DET 04/21/2022 01:10PM ET,DET,9.2
SP,Zack Greinke (22239823),Zack Greinke,22239823,P,5700,MIN@KC 04/21/2022 02:10PM ET,KC,6.48
3B,Rafael Devers (22239833),Rafael Devers,22239833,3B,5600,TOR@BOS 04/21/2022 01:35PM ET,BOS,8.67
OF,J.D. Martinez (22239835),J.D. Martinez,22239835,OF,5600,TOR@BOS 04/21/2022 01:35PM ET,BOS,7.33
SP,Keegan Akin (22240526),Keegan Akin,22240526,P,5600,BAL@OAK 04/21/2022 03:37PM ET,BAL,8.68
1B,Brandon Belt (22239834),Brandon Belt,22239834,1B,5600,SF@NYM 04/21/2022 01:10PM ET,SF,12.11
3B,Jose Ramirez (22239836),Jose Ramirez,22239836,3B,5500,CWS@CLE 04/21/2022 01:10PM ET,CLE,14.64
OF,George Springer (22239837),George Springer,22239837,OF,5500,TOR@BOS 04/21/2022 01:35PM ET,TOR,8.33
SP,Carlos Hernandez (22240527),Carlos Hernandez,22240527,P,5500,MIN@KC 04/21/2022 02:10PM ET,KC,-1.35
SP,Chris Archer (22240528),Chris Archer,22240528,P,5500,MIN@KC 04/21/2022 02:10PM ET,MIN,12.68
SP,Brady Singer (22240529),Brady Singer,22240529,P,5500,MIN@KC 04/21/2022 02:10PM ET,KC,-0.05
OF,Andrew Vaughn (22239839),Andrew Vaughn,22239839,OF,5400,CWS@CLE 04/21/2022 01:10PM ET,CWS,7.44
SP,Zach Davies (22239824),Zach Davies,22239824,P,5400,ARI@WAS 04/21/2022 04:05PM ET,ARI,4
1B,Pete Alonso (22239838),Pete Alonso,22239838,1B,5400,SF@NYM 04/21/2022 01:10PM ET,NYM,9.58
SP,Daniel Lynch (22240530),Daniel Lynch,22240530,P,5400,MIN@KC 04/21/2022 02:10PM ET,KC,11.45
SP,Daniel Mengden (22240531),Daniel Mengden,22240531,P,5400,MIN@KC 04/21/2022 02:10PM ET,KC,0
OF,Eloy Jimenez (22239842),Eloy Jimenez,22239842,OF,5300,CWS@CLE 04/21/2022 01:10PM ET,CWS,5.88
2B,Trevor Story (22239840),Trevor Story,22239840,2B,5300,TOR@BOS 04/21/2022 01:35PM ET,BOS,5.12
SS,Bo Bichette (22239841),Bo Bichette,22239841,SS,5300,TOR@BOS 04/21/2022 01:35PM ET,TOR,5
SP,Tyler Wells (22239825),Tyler Wells,22239825,P,5200,BAL@OAK 04/21/2022 03:37PM ET,BAL,4.08
OF,Aaron Judge (22239843),Aaron Judge,22239843,OF,5200,NYY@DET 04/21/2022 01:10PM ET,NYY,6.42
1B,Jose Abreu (22239845),Jose Abreu,22239845,1B,5100,CWS@CLE 04/21/2022 01:10PM ET,CWS,6.7
SS,Brandon Crawford (22239846),Brandon Crawford,22239846,SS,5100,SF@NYM 04/21/2022 01:10PM ET,SF,5.6
C,Salvador Perez (22239844),Salvador Perez,22239844,C,5100,MIN@KC 04/21/2022 02:10PM ET,KC,8.3
OF,Whit Merrifield (22239847),Whit Merrifield,22239847,OF,5100,MIN@KC 04/21/2022 02:10PM ET,KC,4.5
OF,Kike Hernandez (22239848),Kike Hernandez,22239848,OF,5000,TOR@BOS 04/21/2022 01:35PM ET,BOS,6.75
SS,Xander Bogaerts (22239849),Xander Bogaerts,22239849,SS,5000,TOR@BOS 04/21/2022 01:35PM ET,BOS,7.54
OF/SS,Amed Rosario (22239853),Amed Rosario,22239853,SS/OF,4900,CWS@CLE 04/21/2022 01:10PM ET,CLE,6.09
2B,Ketel Marte (22239852),Ketel Marte,22239852,2B,4900,ARI@WAS 04/21/2022 04:05PM ET,ARI,5.33
3B,Eduardo Escobar (22239851),Eduardo Escobar,22239851,3B,4900,SF@NYM 04/21/2022 01:10PM ET,NYM,7.82
OF,Giancarlo Stanton (22239850),Giancarlo Stanton,22239850,OF,4900,NYY@DET 04/21/2022 01:10PM ET,NYY,6.08
OF,Franmil Reyes (22239856),Franmil Reyes,22239856,OF,4800,CWS@CLE 04/21/2022 01:10PM ET,CLE,3.3
C,Sean Murphy (22239855),Sean Murphy,22239855,C,4800,BAL@OAK 04/21/2022 03:37PM ET,OAK,8.17
3B,Josh Donaldson (22239857),Josh Donaldson,22239857,3B,4800,NYY@DET 04/21/2022 01:10PM ET,NYY,4.92
SS,Carlos Correa (22239858),Carlos Correa,22239858,SS,4700,MIN@KC 04/21/2022 02:10PM ET,MIN,5.36
OF,Myles Straw (22239859),Myles Straw,22239859,OF,4600,CWS@CLE 04/21/2022 01:10PM ET,CLE,10.82
OF,AJ Pollock (22239860),AJ Pollock,22239860,OF,4500,CWS@CLE 04/21/2022 01:10PM ET,CWS,9
3B,Yoan Moncada (22239861),Yoan Moncada,22239861,3B,4500,CWS@CLE 04/21/2022 01:10PM ET,CWS,0
OF,Teoscar Hernandez (22239862),Teoscar Hernandez,22239862,OF,4500,TOR@BOS 04/21/2022 01:35PM ET,TOR,7.83
OF,Nelson Cruz (22239863),Nelson Cruz,22239863,OF,4400,ARI@WAS 04/21/2022 04:05PM ET,WAS,5.77
1B,Josh Bell (22239866),Josh Bell,22239866,1B,4400,ARI@WAS 04/21/2022 04:05PM ET,WAS,9.21
2B/3B,DJ LeMahieu (22239864),DJ LeMahieu,22239864,2B/3B,4400,NYY@DET 04/21/2022 01:10PM ET,NYY,6.36
OF,Steven Kwan (22239867),Steven Kwan,22239867,OF,4300,CWS@CLE 04/21/2022 01:10PM ET,CLE,9.5
3B/SS,Josh Rojas (22239869),Josh Rojas,22239869,3B/SS,4300,ARI@WAS 04/21/2022 04:05PM ET,ARI,0
1B,Anthony Rizzo (22239871),Anthony Rizzo,22239871,1B,4300,NYY@DET 04/21/2022 01:10PM ET,NYY,10.58
2B,Jonathan Schoop (22239872),Jonathan Schoop,22239872,2B,4300,NYY@DET 04/21/2022 01:10PM ET,DET,3.82
OF,Andrew Benintendi (22239868),Andrew Benintendi,22239868,OF,4300,MIN@KC 04/21/2022 02:10PM ET,KC,6.8
OF,Adam Engel (22239873),Adam Engel,22239873,OF,4200,CWS@CLE 04/21/2022 01:10PM ET,CWS,4.1
C,Keibert Ruiz (22239874),Keibert Ruiz,22239874,C,4200,ARI@WAS 04/21/2022 04:05PM ET,WAS,4.8
OF,Ramon Laureano (22239876),Ramon Laureano,22239876,OF,4200,BAL@OAK 04/21/2022 03:37PM ET,OAK,0
OF,Austin Meadows (22239875),Austin Meadows,22239875,OF,4200,NYY@DET 04/21/2022 01:10PM ET,DET,7
3B,Jeimer Candelario (22239878),Jeimer Candelario,22239878,3B,4200,NYY@DET 04/21/2022 01:10PM ET,DET,4.46
SS,Adalberto Mondesi (22239877),Adalberto Mondesi,22239877,SS,4200,MIN@KC 04/21/2022 02:10PM ET,KC,4.4
C,Yasmani Grandal (22239879),Yasmani Grandal,22239879,C,4100,CWS@CLE 04/21/2022 01:10PM ET,CWS,3.44
2B/3B,Yu Chang (22239882),Yu Chang,22239882,2B/3B,4100,CWS@CLE 04/21/2022 01:10PM ET,CLE,0
OF,LaMonte Wade Jr. (22239880),LaMonte Wade Jr.,22239880,OF,4100,SF@NYM 04/21/2022 01:10PM ET,SF,0
OF,Mike Yastrzemski (22239881),Mike Yastrzemski,22239881,OF,4100,SF@NYM 04/21/2022 01:10PM ET,SF,4.1
C,Yermin Mercedes (22239884),Yermin Mercedes,22239884,C,4000,CWS@CLE 04/21/2022 01:10PM ET,CWS,0
1B/OF,Gavin Sheets (22239887),Gavin Sheets,22239887,1B/OF,4000,CWS@CLE 04/21/2022 01:10PM ET,CWS,4.43
SP,Wes Benjamin (22240548),Wes Benjamin,22240548,P,4000,CWS@CLE 04/21/2022 01:10PM ET,CWS,0
RP,Logan Allen (22240554),Logan Allen,22240554,P,4000,CWS@CLE 04/21/2022 01:10PM ET,CLE,4.8
RP,Jimmy Lambert (22240563),Jimmy Lambert,22240563,P,4000,CWS@CLE 04/21/2022 01:10PM ET,CWS,6.5
SP,Tommy Mace (22240584),Tommy Mace,22240584,P,4000,CWS@CLE 04/21/2022 01:10PM ET,CLE,0
RP,Jhan Marinez (22240594),Jhan Marinez,22240594,P,4000,CWS@CLE 04/21/2022 01:10PM ET,CWS,0
RP,Emmanuel Clase (22240601),Emmanuel Clase,22240601,P,4000,CWS@CLE 04/21/2022 01:10PM ET,CLE,1.44
SP,Tanner McDougal (22240611),Tanner McDougal,22240611,P,4000,CWS@CLE 04/21/2022 01:10PM ET,CWS,0
RP,Ryan Burr (22240619),Ryan Burr,22240619,P,4000,CWS@CLE 04/21/2022 01:10PM ET,CWS,0
RP,Kendall Graveman (22240627),Kendall Graveman,22240627,P,4000,CWS@CLE 04/21/2022 01:10PM ET,CWS,4.71
RP,Kirk McCarty (22240632),Kirk McCarty,22240632,P,4000,CWS@CLE 04/21/2022 01:10PM ET,CLE,0
SP,Konnor Pilkington (22240645),Konnor Pilkington,22240645,P,4000,CWS@CLE 04/21/2022 01:10PM ET,CLE,6.08
RP,Yacksel Rios (22240649),Yacksel Rios,22240649,P,4000,CWS@CLE 04/21/2022 01:10PM ET,CWS,0
SP,Trevor Stephan (22240653),Trevor Stephan,22240653,P,4000,CWS@CLE 04/21/2022 01:10PM ET,CLE,3.95
RP,Tanner Tully (22240656),Tanner Tully,22240656,P,4000,CWS@CLE 04/21/2022 01:10PM ET,CLE,0
RP,Liam Hendriks (22240657),Liam Hendriks,22240657,P,4000,CWS@CLE 04/21/2022 01:10PM ET,CWS,3.09
SP,Brandon Finnegan (22240663),Brandon Finnegan,22240663,P,4000,CWS@CLE 04/21/2022 01:10PM ET,CWS,0
RP,Anthony Gose (22240676),Anthony Gose,22240676,P,4000,CWS@CLE 04/21/2022 01:10PM ET,CLE,5.25
RP,Jose Ruiz (22240682),Jose Ruiz,22240682,P,4000,CWS@CLE 04/21/2022 01:10PM ET,CWS,4.15
RP,Aaron Bummer (22240684),Aaron Bummer,22240684,P,4000,CWS@CLE 04/21/2022 01:10PM ET,CWS,3.55
RP,Matt Foster (22240688),Matt Foster,22240688,P,4000,CWS@CLE 04/21/2022 01:10PM ET,CWS,3.68
SP,Cody Morris (22240695),Cody Morris,22240695,P,4000,CWS@CLE 04/21/2022 01:10PM ET,CLE,0
SP,Gavin Williams (22240702),Gavin Williams,22240702,P,4000,CWS@CLE 04/21/2022 01:10PM ET,CLE,0
SP,Carlos Vargas (22240710),Carlos Vargas,22240710,P,4000,CWS@CLE 04/21/2022 01:10PM ET,CLE,0
RP,Emilio Vargas (22240715),Emilio Vargas,22240715,P,4000,CWS@CLE 04/21/2022 01:10PM ET,CWS,0
RP,Enyel De Los Santos (22240716),Enyel De Los Santos,22240716,P,4000,CWS@CLE 04/21/2022 01:10PM ET,CLE,5.65
RP,Tanner Banks (22240729),Tanner Banks,22240729,P,4000,CWS@CLE 04/21/2022 01:10PM ET,CWS,8.5
RP,Bennett Sousa (22240739),Bennett Sousa,22240739,P,4000,CWS@CLE 04/21/2022 01:10PM ET,CWS,2.17
RP,Justin Garza (22240745),Justin Garza,22240745,P,4000,CWS@CLE 04/21/2022 01:10PM ET,CLE,0
SP,Anthony Castro (22240749),Anthony Castro,22240749,P,4000,CWS@CLE 04/21/2022 01:10PM ET,CLE,1.51
RP,Ian Gibaut (22240767),Ian Gibaut,22240767,P,4000,CWS@CLE 04/21/2022 01:10PM ET,CLE,0
SP,Sean Burke (22240774),Sean Burke,22240774,P,4000,CWS@CLE 04/21/2022 01:10PM ET,CWS,0
RP,Anderson Severino (22240776),Anderson Severino,22240776,P,4000,CWS@CLE 04/21/2022 01:10PM ET,CWS,1.87
SP,Jason Bilous (22240780),Jason Bilous,22240780,P,4000,CWS@CLE 04/21/2022 01:10PM ET,CWS,0
SP,Doug Nikhazy (22240787),Doug Nikhazy,22240787,P,4000,CWS@CLE 04/21/2022 01:10PM ET,CLE,0
RP,Garrett Crochet (22240793),Garrett Crochet,22240793,P,4000,CWS@CLE 04/21/2022 01:10PM ET,CWS,0
RP,Nick Sandlin (22240800),Nick Sandlin,22240800,P,4000,CWS@CLE 04/21/2022 01:10PM ET,CLE,1.16
RP,Bryan Shaw (22240804),Bryan Shaw,22240804,P,4000,CWS@CLE 04/21/2022 01:10PM ET,CLE,1
SP,Kade McClure (22240808),Kade McClure,22240808,P,4000,CWS@CLE 04/21/2022 01:10PM ET,CWS,0
SP,Norge Vera (22240812),Norge Vera,22240812,P,4000,CWS@CLE 04/21/2022 01:10PM ET,CWS,0
RP,James Karinchak (22240816),James Karinchak,22240816,P,4000,CWS@CLE 04/21/2022 01:10PM ET,CLE,0
RP,Tyler Johnson (22240820),Tyler Johnson,22240820,P,4000,CWS@CLE 04/21/2022 01:10PM ET,CWS,0
SP,Tobias Myers (22240832),Tobias Myers,22240832,P,4000,CWS@CLE 04/21/2022 01:10PM ET,CLE,0
RP,Jake Jewell (22240855),Jake Jewell,22240855,P,4000,CWS@CLE 04/21/2022 01:10PM ET,CLE,0
SP,Peyton Battenfield (22240860),Peyton Battenfield,22240860,P,4000,CWS@CLE 04/21/2022 01:10PM ET,CLE,0
RP,Kyle Crick (22240869),Kyle Crick,22240869,P,4000,CWS@CLE 04/21/2022 01:10PM ET,CWS,2.56
SP,Jonathan Stiever (22240872),Jonathan Stiever,22240872,P,4000,CWS@CLE 04/21/2022 01:10PM ET,CWS,0
SP,Reynaldo Lopez (22240881),Reynaldo Lopez,22240881,P,4000,CWS@CLE 04/21/2022 01:10PM ET,CWS,4.76
RP,Sam Hentges (22240888),Sam Hentges,22240888,P,4000,CWS@CLE 04/21/2022 01:10PM ET,CLE,3.71
RP,Alex Young (22240899),Alex Young,22240899,P,4000,CWS@CLE 04/21/2022 01:10PM ET,CLE,0
RP,Joe Kelly (22240904),Joe Kelly,22240904,P,4000,CWS@CLE 04/21/2022 01:10PM ET,CWS,0
SP,Stephen Strasburg (22240537),Stephen Strasburg,22240537,P,4000,ARI@WAS 04/21/2022 04:05PM ET,WAS,0
SP,Anibal Sanchez (22240539),Anibal Sanchez,22240539,P,4000,ARI@WAS 04/21/2022 04:05PM ET,WAS,0
SP,Aaron Sanchez (22240549),Aaron Sanchez,22240549,P,4000,ARI@WAS 04/21/2022 04:05PM ET,WAS,0
RP,Tyler Gilbert (22240570),Tyler Gilbert,22240570,P,4000,ARI@WAS 04/21/2022 04:05PM ET,ARI,14.35
RP,Humberto Castellanos (22240579),Humberto Castellanos,22240579,P,4000,ARI@WAS 04/21/2022 04:05PM ET,ARI,3.72
RP,Hunter Harvey (22240582),Hunter Harvey,22240582,P,4000,ARI@WAS 04/21/2022 04:05PM ET,WAS,2.7
RP,Kevin Ginkel (22240583),Kevin Ginkel,22240583,P,4000,ARI@WAS 04/21/2022 04:05PM ET,ARI,0
RP,Sean Doolittle (22240586),Sean Doolittle,22240586,P,4000,ARI@WAS 04/21/2022 04:05PM ET,WAS,3.9
RP,Chris Devenski (22240589),Chris Devenski,22240589,P,4000,ARI@WAS 04/21/2022 04:05PM ET,ARI,0
RP,Ryan Meisinger (22240590),Ryan Meisinger,22240590,P,4000,ARI@WAS 04/21/2022 04:05PM ET,ARI,0
RP,J.B. Wendelken (22240593),J.B. Wendelken,22240593,P,4000,ARI@WAS 04/21/2022 04:05PM ET,ARI,2.58
RP,Luis Frias (22240600),Luis Frias,22240600,P,4000,ARI@WAS 04/21/2022 04:05PM ET,ARI,0
SP,Mason Thompson (22240608),Mason Thompson,22240608,P,4000,ARI@WAS 04/21/2022 04:05PM ET,WAS,3.22
RP,Matt Cronin (22240610),Matt Cronin,22240610,P,4000,ARI@WAS 04/21/2022 04:05PM ET,WAS,0
SP,Ryne Nelson (22240617),Ryne Nelson,22240617,P,4000,ARI@WAS 04/21/2022 04:05PM ET,ARI,0
SP,Ian Kennedy (22240621),Ian Kennedy,22240621,P,4000,ARI@WAS 04/21/2022 04:05PM ET,ARI,-0.15
RP,Ryan Weiss (22240622),Ryan Weiss,22240622,P,4000,ARI@WAS 04/21/2022 04:05PM ET,ARI,0
RP,Will Harris (22240624),Will Harris,22240624,P,4000,ARI@WAS 04/21/2022 04:05PM ET,WAS,0
SP,J.B. Bukauskas (22240641),J.B. Bukauskas,22240641,P,4000,ARI@WAS 04/21/2022 04:05PM ET,ARI,0
RP,Tyler Clippard (22240651),Tyler Clippard,22240651,P,4000,ARI@WAS 04/21/2022 04:05PM ET,WAS,0
RP,Stefan Crichton (22240654),Stefan Crichton,22240654,P,4000,ARI@WAS 04/21/2022 04:05PM ET,ARI,0
SP,Gerardo Carrillo (22240659),Gerardo Carrillo,22240659,P,4000,ARI@WAS 04/21/2022 04:05PM ET,WAS,0
RP,Victor Arano (22240661),Victor Arano,22240661,P,4000,ARI@WAS 04/21/2022 04:05PM ET,WAS,4.68
RP,Andres Machado (22240677),Andres Machado,22240677,P,4000,ARI@WAS 04/21/2022 04:05PM ET,WAS,2.69
SP,Caleb Baragar (22240680),Caleb Baragar,22240680,P,4000,ARI@WAS 04/21/2022 04:05PM ET,ARI,0
RP,Joe Mantiply (22240693),Joe Mantiply,22240693,P,4000,ARI@WAS 04/21/2022 04:05PM ET,ARI,2.92
RP,Erasmo Ramirez (22240696),Erasmo Ramirez,22240696,P,4000,ARI@WAS 04/21/2022 04:05PM ET,WAS,0
RP,Jefry Rodriguez (22240707),Jefry Rodriguez,22240707,P,4000,ARI@WAS 04/21/2022 04:05PM ET,WAS,0
SP,Bryce Jarvis (22240709),Bryce Jarvis,22240709,P,4000,ARI@WAS 04/21/2022 04:05PM ET,ARI,0
RP,Patrick Murphy (22240717),Patrick Murphy,22240717,P,4000,ARI@WAS 04/21/2022 04:05PM ET,WAS,-0.1
RP,Kyle Finnegan (22240722),Kyle Finnegan,22240722,P,4000,ARI@WAS 04/21/2022 04:05PM ET,WAS,3.19
RP,Oliver Perez (22240725),Oliver Perez,22240725,P,4000,ARI@WAS 04/21/2022 04:05PM ET,ARI,-0.02
SP,Mitchell Parker (22240736),Mitchell Parker,22240736,P,4000,ARI@WAS 04/21/2022 04:05PM ET,WAS,0
RP,Francisco Perez (22240743),Francisco Perez,22240743,P,4000,ARI@WAS 04/21/2022 04:05PM ET,WAS,-1.7
RP,Sean Poppen (22240744),Sean Poppen,22240744,P,4000,ARI@WAS 04/21/2022 04:05PM ET,ARI,3.58
RP,Reed Garrett (22240764),Reed Garrett,22240764,P,4000,ARI@WAS 04/21/2022 04:05PM ET,WAS,0
RP,Kyle Nelson (22240772),Kyle Nelson,22240772,P,4000,ARI@WAS 04/21/2022 04:05PM ET,ARI,4.72
RP,Jace Fry (22240786),Jace Fry,22240786,P,4000,ARI@WAS 04/21/2022 04:05PM ET,WAS,0
RP,Jordan Weems (22240789),Jordan Weems,22240789,P,4000,ARI@WAS 04/21/2022 04:05PM ET,WAS,0
RP,Ty Tice (22240794),Ty Tice,22240794,P,4000,ARI@WAS 04/21/2022 04:05PM ET,ARI,0
SP,Dan Straily (22240795),Dan Straily,22240795,P,4000,ARI@WAS 04/21/2022 04:05PM ET,ARI,0
RP,Tanner Rainey (22240796),Tanner Rainey,22240796,P,4000,ARI@WAS 04/21/2022 04:05PM ET,WAS,3.35
SP,Tommy Henry (22240803),Tommy Henry,22240803,P,4000,ARI@WAS 04/21/2022 04:05PM ET,ARI,0
RP,Noe Ramirez (22240809),Noe Ramirez,22240809,P,4000,ARI@WAS 04/21/2022 04:05PM ET,ARI,2.33
RP,Seth Romero (22240811),Seth Romero,22240811,P,4000,ARI@WAS 04/21/2022 04:05PM ET,WAS,0
RP,Mark Melancon (22240814),Mark Melancon,22240814,P,4000,ARI@WAS 04/21/2022 04:05PM ET,ARI,1.85
RP,Carl Edwards Jr. (22240815),Carl Edwards Jr.,22240815,P,4000,ARI@WAS 04/21/2022 04:05PM ET,WAS,0
SP,Drey Jameson (22240824),Drey Jameson,22240824,P,4000,ARI@WAS 04/21/2022 04:05PM ET,ARI,0
RP,Sam Clay (22240827),Sam Clay,22240827,P,4000,ARI@WAS 04/21/2022 04:05PM ET,WAS,2.25
RP,Steve Cishek (22240830),Steve Cishek,22240830,P,4000,ARI@WAS 04/21/2022 04:05PM ET,WAS,1.64
SP,Evan Lee (22240838),Evan Lee,22240838,P,4000,ARI@WAS 04/21/2022 04:05PM ET,WAS,0
RP,Jesus Liranzo (22240842),Jesus Liranzo,22240842,P,4000,ARI@WAS 04/21/2022 04:05PM ET,ARI,0
RP,Ben Braymer (22240844),Ben Braymer,22240844,P,4000,ARI@WAS 04/21/2022 04:05PM ET,WAS,0
RP,Alberto Baldonado (22240847),Alberto Baldonado,22240847,P,4000,ARI@WAS 04/21/2022 04:05PM ET,WAS,0
RP,Keone Kela (22240849),Keone Kela,22240849,P,4000,ARI@WAS 04/21/2022 04:05PM ET,ARI,0
RP,Miguel Aguilar (22240857),Miguel Aguilar,22240857,P,4000,ARI@WAS 04/21/2022 04:05PM ET,ARI,0
SP,Aldo Ramirez (22240858),Aldo Ramirez,22240858,P,4000,ARI@WAS 04/21/2022 04:05PM ET,WAS,0
RP,Gabe Klobosits (22240861),Gabe Klobosits,22240861,P,4000,ARI@WAS 04/21/2022 04:05PM ET,WAS,0
SP,Cade Cavalli (22240870),Cade Cavalli,22240870,P,4000,ARI@WAS 04/21/2022 04:05PM ET,WAS,0
RP,Brett de Geus (22240871),Brett de Geus,22240871,P,4000,ARI@WAS 04/21/2022 04:05PM ET,ARI,0
RP,Austin Voth (22240883),Austin Voth,22240883,P,4000,ARI@WAS 04/21/2022 04:05PM ET,WAS,0.99
RP,Riley Smith (22240885),Riley Smith,22240885,P,4000,ARI@WAS 04/21/2022 04:05PM ET,ARI,0
SP,Paolo Espino (22240887),Paolo Espino,22240887,P,4000,ARI@WAS 04/21/2022 04:05PM ET,WAS,4.62
SP,Matt Peacock (22240890),Matt Peacock,22240890,P,4000,ARI@WAS 04/21/2022 04:05PM ET,ARI,1.5
SP,Corbin Martin (22240894),Corbin Martin,22240894,P,4000,ARI@WAS 04/21/2022 04:05PM ET,ARI,11.65
SP,Edwin Uceta (22240909),Edwin Uceta,22240909,P,4000,ARI@WAS 04/21/2022 04:05PM ET,ARI,0
RP,Keynan Middleton (22240911),Keynan Middleton,22240911,P,4000,ARI@WAS 04/21/2022 04:05PM ET,ARI,0
SP,Trevor Richards (22240542),Trevor Richards,22240542,P,4000,TOR@BOS 04/21/2022 01:35PM ET,TOR,4.09
SP,Thomas Hatch (22240545),Thomas Hatch,22240545,P,4000,TOR@BOS 04/21/2022 01:35PM ET,TOR,0
SP,Nate Pearson (22240546),Nate Pearson,22240546,P,4000,TOR@BOS 04/21/2022 01:35PM ET,TOR,0
SP,Trent Thornton (22240547),Trent Thornton,22240547,P,4000,TOR@BOS 04/21/2022 01:35PM ET,TOR,5.3
RP,Jose De Leon (22240562),Jose De Leon,22240562,P,4000,TOR@BOS 04/21/2022 01:35PM ET,TOR,0
RP,Ross Stripling (22240564),Ross Stripling,22240564,P,4000,TOR@BOS 04/21/2022 01:35PM ET,TOR,3.97
RP,Julian Merryweather (22240566),Julian Merryweather,22240566,P,4000,TOR@BOS 04/21/2022 01:35PM ET,TOR,2.29
RP,David Phelps (22240571),David Phelps,22240571,P,4000,TOR@BOS 04/21/2022 01:35PM ET,TOR,3.09
RP,Shaun Anderson (22240573),Shaun Anderson,22240573,P,4000,TOR@BOS 04/21/2022 01:35PM ET,TOR,0
SP,Josh Winckowski (22240595),Josh Winckowski,22240595,P,4000,TOR@BOS 04/21/2022 01:35PM ET,BOS,0
RP,Michael Feliz (22240598),Michael Feliz,22240598,P,4000,TOR@BOS 04/21/2022 01:35PM ET,BOS,0
RP,Eduard Bazardo (22240605),Eduard Bazardo,22240605,P,4000,TOR@BOS 04/21/2022 01:35PM ET,BOS,0
RP,Yimi Garcia (22240606),Yimi Garcia,22240606,P,4000,TOR@BOS 04/21/2022 01:35PM ET,TOR,2.85
RP,Nick Allgeyer (22240623),Nick Allgeyer,22240623,P,4000,TOR@BOS 04/21/2022 01:35PM ET,TOR,0
RP,Jordan Romano (22240628),Jordan Romano,22240628,P,4000,TOR@BOS 04/21/2022 01:35PM ET,TOR,3.85
RP,Hansel Robles (22240630),Hansel Robles,22240630,P,4000,TOR@BOS 04/21/2022 01:35PM ET,BOS,5.86
SP,Sem Robberse (22240633),Sem Robberse,22240633,P,4000,TOR@BOS 04/21/2022 01:35PM ET,TOR,0
RP,Elvis Luciano (22240634),Elvis Luciano,22240634,P,4000,TOR@BOS 04/21/2022 01:35PM ET,TOR,0
SP,Ricky Tiedemann (22240635),Ricky Tiedemann,22240635,P,4000,TOR@BOS 04/21/2022 01:35PM ET,TOR,0
RP,Hirokazu Sawamura (22240636),Hirokazu Sawamura,22240636,P,4000,TOR@BOS 04/21/2022 01:35PM ET,BOS,2.06
SP,Ryan Borucki (22240644),Ryan Borucki,22240644,P,4000,TOR@BOS 04/21/2022 01:35PM ET,TOR,0
RP,Ryan Brasier (22240646),Ryan Brasier,22240646,P,4000,TOR@BOS 04/21/2022 01:35PM ET,BOS,2.38
SP,Wilkelman Gonzalez (22240648),Wilkelman Gonzalez,22240648,P,4000,TOR@BOS 04/21/2022 01:35PM ET,BOS,0
RP,Silvino Bracho (22240655),Silvino Bracho,22240655,P,4000,TOR@BOS 04/21/2022 01:35PM ET,BOS,0
SP,Garrett Whitlock (22240662),Garrett Whitlock,22240662,P,4000,TOR@BOS 04/21/2022 01:35PM ET,BOS,10.54
RP,Brandon Walter (22240669),Brandon Walter,22240669,P,4000,TOR@BOS 04/21/2022 01:35PM ET,BOS,0
RP,Casey Lawrence (22240685),Casey Lawrence,22240685,P,4000,TOR@BOS 04/21/2022 01:35PM ET,TOR,0
RP,Joe Biagini (22240701),Joe Biagini,22240701,P,4000,TOR@BOS 04/21/2022 01:35PM ET,TOR,0
SP,Irv Carter (22240706),Irv Carter,22240706,P,4000,TOR@BOS 04/21/2022 01:35PM ET,TOR,0
RP,Austin Davis (22240712),Austin Davis,22240712,P,4000,TOR@BOS 04/21/2022 01:35PM ET,BOS,2.04
SP,Chris Murphy (22240721),Chris Murphy,22240721,P,4000,TOR@BOS 04/21/2022 01:35PM ET,BOS,0
SP,Darwinzon Hernandez (22240733),Darwinzon Hernandez,22240733,P,4000,TOR@BOS 04/21/2022 01:35PM ET,BOS,0
RP,Tyler Danish (22240737),Tyler Danish,22240737,P,4000,TOR@BOS 04/21/2022 01:35PM ET,BOS,13.9
RP,Dan Altavilla (22240741),Dan Altavilla,22240741,P,4000,TOR@BOS 04/21/2022 01:35PM ET,BOS,0
RP,Tayler Saucedo (22240746),Tayler Saucedo,22240746,P,4000,TOR@BOS 04/21/2022 01:35PM ET,TOR,-2.88
SP,Brayan Bello (22240760),Brayan Bello,22240760,P,4000,TOR@BOS 04/21/2022 01:35PM ET,BOS,0
RP,John Schreiber (22240763),John Schreiber,22240763,P,4000,TOR@BOS 04/21/2022 01:35PM ET,BOS,0
RP,Tim Mayza (22240768),Tim Mayza,22240768,P,4000,TOR@BOS 04/21/2022 01:35PM ET,TOR,2.35
RP,Durbin Feltman (22240778),Durbin Feltman,22240778,P,4000,TOR@BOS 04/21/2022 01:35PM ET,BOS,0
RP,Phillips Valdez (22240785),Phillips Valdez,22240785,P,4000,TOR@BOS 04/21/2022 01:35PM ET,BOS,6.15
RP,Adam Cimber (22240797),Adam Cimber,22240797,P,4000,TOR@BOS 04/21/2022 01:35PM ET,TOR,5.3
SP,Chad Dallas (22240801),Chad Dallas,22240801,P,4000,TOR@BOS 04/21/2022 01:35PM ET,TOR,0
RP,Kaleb Ort (22240802),Kaleb Ort,22240802,P,4000,TOR@BOS 04/21/2022 01:35PM ET,BOS,0
SP,Bowden Francis (22240807),Bowden Francis,22240807,P,4000,TOR@BOS 04/21/2022 01:35PM ET,TOR,0
RP,Geoff Hartlieb (22240810),Geoff Hartlieb,22240810,P,4000,TOR@BOS 04/21/2022 01:35PM ET,BOS,0
RP,Hagen Danner (22240823),Hagen Danner,22240823,P,4000,TOR@BOS 04/21/2022 01:35PM ET,TOR,0
SP,Kutter Crawford (22240825),Kutter Crawford,22240825,P,4000,TOR@BOS 04/21/2022 01:35PM ET,BOS,0.35
RP,Jake Diekman (22240826),Jake Diekman,22240826,P,4000,TOR@BOS 04/21/2022 01:35PM ET,BOS,3.7
RP,Matt Barnes (22240831),Matt Barnes,22240831,P,4000,TOR@BOS 04/21/2022 01:35PM ET,BOS,1.35
RP,Josh Taylor (22240841),Josh Taylor,22240841,P,4000,TOR@BOS 04/21/2022 01:35PM ET,BOS,0
SP,Jay Groome (22240850),Jay Groome,22240850,P,4000,TOR@BOS 04/21/2022 01:35PM ET,BOS,0
SP,Jeremy Beasley (22240863),Jeremy Beasley,22240863,P,4000,TOR@BOS 04/21/2022 01:35PM ET,TOR,0
RP,Taylor Cole (22240873),Taylor Cole,22240873,P,4000,TOR@BOS 04/21/2022 01:35PM ET,BOS,0
RP,Andrew Vasquez (22240875),Andrew Vasquez,22240875,P,4000,TOR@BOS 04/21/2022 01:35PM ET,TOR,0
SP,Rich Hill (22240882),Rich Hill,22240882,P,4000,TOR@BOS 04/21/2022 01:35PM ET,BOS,4.92
RP,Matt Strahm (22240912),Matt Strahm,22240912,P,4000,TOR@BOS 04/21/2022 01:35PM ET,BOS,4.28
SP,Connor Seabold (22240914),Connor Seabold,22240914,P,4000,TOR@BOS 04/21/2022 01:35PM ET,BOS,0
OF,Cedric Mullins (22239885),Cedric Mullins,22239885,OF,4000,BAL@OAK 04/21/2022 03:37PM ET,BAL,7.09
RP,Jordan Lyles (22240565),Jordan Lyles,22240565,P,4000,BAL@OAK 04/21/2022 03:37PM ET,BAL,5.92
RP,Spenser Watkins (22240577),Spenser Watkins,22240577,P,4000,BAL@OAK 04/21/2022 03:37PM ET,BAL,6
SP,DL Hall (22240581),DL Hall,22240581,P,4000,BAL@OAK 04/21/2022 03:37PM ET,BAL,0
SP,Cody Sedlock (22240591),Cody Sedlock,22240591,P,4000,BAL@OAK 04/21/2022 03:37PM ET,BAL,0
RP,Kirby Snead (22240592),Kirby Snead,22240592,P,4000,BAL@OAK 04/21/2022 03:37PM ET,OAK,0.98
RP,Jake Lemoine (22240603),Jake Lemoine,22240603,P,4000,BAL@OAK 04/21/2022 03:37PM ET,OAK,4.35
RP,Bryan Baker (22240609),Bryan Baker,22240609,P,4000,BAL@OAK 04/21/2022 03:37PM ET,BAL,4.68
SP,Ryan Cusick (22240614),Ryan Cusick,22240614,P,4000,BAL@OAK 04/21/2022 03:37PM ET,OAK,0
RP,Denyi Reyes (22240620),Denyi Reyes,22240620,P,4000,BAL@OAK 04/21/2022 03:37PM ET,BAL,0
RP,Lou Trivino (22240637),Lou Trivino,22240637,P,4000,BAL@OAK 04/21/2022 03:37PM ET,OAK,2.51
RP,Ryan Hartman (22240639),Ryan Hartman,22240639,P,4000,BAL@OAK 04/21/2022 03:37PM ET,BAL,0
RP,Justin Grimm (22240640),Justin Grimm,22240640,P,4000,BAL@OAK 04/21/2022 03:37PM ET,OAK,4.15
SP,Dillon Tate (22240642),Dillon Tate,22240642,P,4000,BAL@OAK 04/21/2022 03:37PM ET,BAL,4.09
RP,Adam Kolarek (22240643),Adam Kolarek,22240643,P,4000,BAL@OAK 04/21/2022 03:37PM ET,OAK,0.82
RP,Buddy Baumann (22240670),Buddy Baumann,22240670,P,4000,BAL@OAK 04/21/2022 03:37PM ET,BAL,0
SP,Zach Logue (22240679),Zach Logue,22240679,P,4000,BAL@OAK 04/21/2022 03:37PM ET,OAK,7.8
RP,Sam Selman (22240681),Sam Selman,22240681,P,4000,BAL@OAK 04/21/2022 03:37PM ET,OAK,0
RP,Isaac Mattson (22240691),Isaac Mattson,22240691,P,4000,BAL@OAK 04/21/2022 03:37PM ET,BAL,0
RP,Felix Bautista (22240698),Felix Bautista,22240698,P,4000,BAL@OAK 04/21/2022 03:37PM ET,BAL,4.33
RP,Joey Krehbiel (22240699),Joey Krehbiel,22240699,P,4000,BAL@OAK 04/21/2022 03:37PM ET,BAL,4.63
SP,Joey Estes (22240708),Joey Estes,22240708,P,4000,BAL@OAK 04/21/2022 03:37PM ET,OAK,0
SP,Blaine Knight (22240719),Blaine Knight,22240719,P,4000,BAL@OAK 04/21/2022 03:37PM ET,BAL,0
RP,Cionel Perez (22240723),Cionel Perez,22240723,P,4000,BAL@OAK 04/21/2022 03:37PM ET,BAL,3.32
SP,Kyle Bradish (22240747),Kyle Bradish,22240747,P,4000,BAL@OAK 04/21/2022 03:37PM ET,BAL,0
RP,Domingo Acevedo (22240751),Domingo Acevedo,22240751,P,4000,BAL@OAK 04/21/2022 03:37PM ET,OAK,2.82
RP,Zach Jackson (22240754),Zach Jackson,22240754,P,4000,BAL@OAK 04/21/2022 03:37PM ET,OAK,1.27
SP,Grant Holman (22240757),Grant Holman,22240757,P,4000,BAL@OAK 04/21/2022 03:37PM ET,OAK,0
RP,Miguel Romero (22240762),Miguel Romero,22240762,P,4000,BAL@OAK 04/21/2022 03:37PM ET,OAK,0
RP,Sam Moll (22240771),Sam Moll,22240771,P,4000,BAL@OAK 04/21/2022 03:37PM ET,OAK,3.32
RP,Austin Pruitt (22240777),Austin Pruitt,22240777,P,4000,BAL@OAK 04/21/2022 03:37PM ET,OAK,0
SP,Kevin Smith (22240790),Kevin Smith,22240790,P,4000,BAL@OAK 04/21/2022 03:37PM ET,BAL,0
SP,Colin Peluse (22240805),Colin Peluse,22240805,P,4000,BAL@OAK 04/21/2022 03:37PM ET,OAK,0
RP,Deolis Guerra (22240806),Deolis Guerra,22240806,P,4000,BAL@OAK 04/21/2022 03:37PM ET,OAK,0
RP,Logan Gillaspie (22240813),Logan Gillaspie,22240813,P,4000,BAL@OAK 04/21/2022 03:37PM ET,BAL,0
RP,A.J. Puk (22240818),A.J. Puk,22240818,P,4000,BAL@OAK 04/21/2022 03:37PM ET,OAK,4.87
SP,Grayson Rodriguez (22240833),Grayson Rodriguez,22240833,P,4000,BAL@OAK 04/21/2022 03:37PM ET,BAL,0
RP,Paul Fry (22240840),Paul Fry,22240840,P,4000,BAL@OAK 04/21/2022 03:37PM ET,BAL,0.74
SP,Gunnar Hoglund (22240846),Gunnar Hoglund,22240846,P,4000,BAL@OAK 04/21/2022 03:37PM ET,OAK,0
RP,Dany Jimenez (22240856),Dany Jimenez,22240856,P,4000,BAL@OAK 04/21/2022 03:37PM ET,OAK,5.13
SP,Grant Holmes (22240862),Grant Holmes,22240862,P,4000,BAL@OAK 04/21/2022 03:37PM ET,OAK,0
SP,Mason Miller (22240864),Mason Miller,22240864,P,4000,BAL@OAK 04/21/2022 03:37PM ET,OAK,0
RP,Marcos Diplan (22240878),Marcos Diplan,22240878,P,4000,BAL@OAK 04/21/2022 03:37PM ET,BAL,-0.45
RP,Zac Lowther (22240896),Zac Lowther,22240896,P,4000,BAL@OAK 04/21/2022 03:37PM ET,BAL,0
RP,Alexander Wells (22240897),Alexander Wells,22240897,P,4000,BAL@OAK 04/21/2022 03:37PM ET,BAL,8.7
SP,Brent Honeywell (22240901),Brent Honeywell,22240901,P,4000,BAL@OAK 04/21/2022 03:37PM ET,OAK,0
SP,Travis Lakins Sr. (22240903),Travis Lakins Sr.,22240903,P,4000,BAL@OAK 04/21/2022 03:37PM ET,BAL,-9.35
RP,Conner Greene (22240907),Conner Greene,22240907,P,4000,BAL@OAK 04/21/2022 03:37PM ET,BAL,0
RP,Chris Ellis (22240908),Chris Ellis,22240908,P,4000,BAL@OAK 04/21/2022 03:37PM ET,BAL,9.55
2B,Thairo Estrada (22239886),Thairo Estrada,22239886,2B,4000,SF@NYM 04/21/2022 01:10PM ET,SF,8.91
SP,Manuel Mercedes (22240532),Manuel Mercedes,22240532,P,4000,SF@NYM 04/21/2022 01:10PM ET,SF,0
SP,Matt Mikulski (22240533),Matt Mikulski,22240533,P,4000,SF@NYM 04/21/2022 01:10PM ET,SF,0
SP,Will Bednar (22240534),Will Bednar,22240534,P,4000,SF@NYM 04/21/2022 01:10PM ET,SF,0
SP,Kervin Castro (22240535),Kervin Castro,22240535,P,4000,SF@NYM 04/21/2022 01:10PM ET,SF,0
SP,Tyler Beede (22240536),Tyler Beede,22240536,P,4000,SF@NYM 04/21/2022 01:10PM ET,SF,3.7
SP,Matthew Boyd (22240538),Matthew Boyd,22240538,P,4000,SF@NYM 04/21/2022 01:10PM ET,SF,0
SP,Carlos Martinez (22240540),Carlos Martinez,22240540,P,4000,SF@NYM 04/21/2022 01:10PM ET,SF,0
SP,Jakob Junis (22240541),Jakob Junis,22240541,P,4000,SF@NYM 04/21/2022 01:10PM ET,SF,0
SP,Sam Long (22240543),Sam Long,22240543,P,4000,SF@NYM 04/21/2022 01:10PM ET,SF,2.2
RP,Seth Lugo (22240553),Seth Lugo,22240553,P,4000,SF@NYM 04/21/2022 01:10PM ET,NYM,2.33
RP,Tyler Rogers (22240555),Tyler Rogers,22240555,P,4000,SF@NYM 04/21/2022 01:10PM ET,SF,2.11
RP,Camilo Doval (22240556),Camilo Doval,22240556,P,4000,SF@NYM 04/21/2022 01:10PM ET,SF,2.61
RP,John Brebbia (22240557),John Brebbia,22240557,P,4000,SF@NYM 04/21/2022 01:10PM ET,SF,2.5
RP,Taylor Williams (22240558),Taylor Williams,22240558,P,4000,SF@NYM 04/21/2022 01:10PM ET,SF,0
RP,Jake McGee (22240559),Jake McGee,22240559,P,4000,SF@NYM 04/21/2022 01:10PM ET,SF,2.3
RP,Jarlin Garcia (22240560),Jarlin Garcia,22240560,P,4000,SF@NYM 04/21/2022 01:10PM ET,SF,4.31
RP,Trevor Hildenberger (22240561),Trevor Hildenberger,22240561,P,4000,SF@NYM 04/21/2022 01:10PM ET,SF,0
RP,Dominic Leone (22240567),Dominic Leone,22240567,P,4000,SF@NYM 04/21/2022 01:10PM ET,SF,3.46
RP,Zack Littell (22240568),Zack Littell,22240568,P,4000,SF@NYM 04/21/2022 01:10PM ET,SF,2.52
RP,Jose Alvarez (22240569),Jose Alvarez,22240569,P,4000,SF@NYM 04/21/2022 01:10PM ET,SF,2.34
RP,Alex Claudio (22240587),Alex Claudio,22240587,P,4000,SF@NYM 04/21/2022 01:10PM ET,NYM,0
RP,Drew Smith (22240596),Drew Smith,22240596,P,4000,SF@NYM 04/21/2022 01:10PM ET,NYM,4.87
RP,Yunior Marte (22240618),Yunior Marte,22240618,P,4000,SF@NYM 04/21/2022 01:10PM ET,SF,1.65
SP,Calvin Ziegler (22240638),Calvin Ziegler,22240638,P,4000,SF@NYM 04/21/2022 01:10PM ET,NYM,0
SP,Dedniel Nunez (22240650),Dedniel Nunez,22240650,P,4000,SF@NYM 04/21/2022 01:10PM ET,NYM,0
RP,Joely Rodriguez (22240683),Joely Rodriguez,22240683,P,4000,SF@NYM 04/21/2022 01:10PM ET,NYM,2.15
RP,Mauricio Llovera (22240686),Mauricio Llovera,22240686,P,4000,SF@NYM 04/21/2022 01:10PM ET,SF,0
RP,Wei-Chieh Huang (22240687),Wei-Chieh Huang,22240687,P,4000,SF@NYM 04/21/2022 01:10PM ET,SF,0
SP,Sean Hjelle (22240690),Sean Hjelle,22240690,P,4000,SF@NYM 04/21/2022 01:10PM ET,SF,0
SP,Josh Walker (22240713),Josh Walker,22240713,P,4000,SF@NYM 04/21/2022 01:10PM ET,NYM,0
RP,Chasen Shreve (22240714),Chasen Shreve,22240714,P,4000,SF@NYM 04/21/2022 01:10PM ET,NYM,6.09
RP,Stephen Nogosek (22240720),Stephen Nogosek,22240720,P,4000,SF@NYM 04/21/2022 01:10PM ET,NYM,0
RP,Edwin Diaz (22240726),Edwin Diaz,22240726,P,4000,SF@NYM 04/21/2022 01:10PM ET,NYM,4.33
RP,Luis Ortiz (22240728),Luis Ortiz,22240728,P,4000,SF@NYM 04/21/2022 01:10PM ET,SF,0
RP,Trevor May (22240732),Trevor May,22240732,P,4000,SF@NYM 04/21/2022 01:10PM ET,NYM,0.38
RP,Matt Carasiti (22240738),Matt Carasiti,22240738,P,4000,SF@NYM 04/21/2022 01:10PM ET,SF,0
RP,Raynel Espinal (22240753),Raynel Espinal,22240753,P,4000,SF@NYM 04/21/2022 01:10PM ET,SF,0
RP,Felix Pena (22240756),Felix Pena,22240756,P,4000,SF@NYM 04/21/2022 01:10PM ET,NYM,0
SP,Sean Reid-Foley (22240758),Sean Reid-Foley,22240758,P,4000,SF@NYM 04/21/2022 01:10PM ET,NYM,2.08
RP,Rob Zastryzny (22240773),Rob Zastryzny,22240773,P,4000,SF@NYM 04/21/2022 01:10PM ET,NYM,0
RP,Yoan Lopez (22240784),Yoan Lopez,22240784,P,4000,SF@NYM 04/21/2022 01:10PM ET,NYM,0
SP,Gray Fenter (22240791),Gray Fenter,22240791,P,4000,SF@NYM 04/21/2022 01:10PM ET,SF,0
RP,Joe Palumbo (22240819),Joe Palumbo,22240819,P,4000,SF@NYM 04/21/2022 01:10PM ET,SF,0
SP,Matt Allan (22240829),Matt Allan,22240829,P,4000,SF@NYM 04/21/2022 01:10PM ET,NYM,0
SP,Jose Butto (22240835),Jose Butto,22240835,P,4000,SF@NYM 04/21/2022 01:10PM ET,NYM,0
SP,Dominic Hamel (22240843),Dominic Hamel,22240843,P,4000,SF@NYM 04/21/2022 01:10PM ET,NYM,0
RP,Adam Ottavino (22240848),Adam Ottavino,22240848,P,4000,SF@NYM 04/21/2022 01:10PM ET,NYM,4.46
RP,Jose Rodriguez (22240851),Jose Rodriguez,22240851,P,4000,SF@NYM 04/21/2022 01:10PM ET,NYM,0
SP,Joey Lucchesi (22240884),Joey Lucchesi,22240884,P,4000,SF@NYM 04/21/2022 01:10PM ET,NYM,0
SP,Trevor Williams (22240886),Trevor Williams,22240886,P,4000,SF@NYM 04/21/2022 01:10PM ET,NYM,1.68
RP,Jake Reed (22240905),Jake Reed,22240905,P,4000,SF@NYM 04/21/2022 01:10PM ET,NYM,0
RP,John Curtiss (22240913),John Curtiss,22240913,P,4000,SF@NYM 04/21/2022 01:10PM ET,NYM,0
RP,Wily Peralta (22240574),Wily Peralta,22240574,P,4000,NYY@DET 04/21/2022 01:10PM ET,DET,5.35
RP,Jason Foley (22240588),Jason Foley,22240588,P,4000,NYY@DET 04/21/2022 01:10PM ET,DET,0.91
RP,JP Sears (22240597),JP Sears,22240597,P,4000,NYY@DET 04/21/2022 01:10PM ET,NYY,5.35
RP,Drew Carlton (22240607),Drew Carlton,22240607,P,4000,NYY@DET 04/21/2022 01:10PM ET,DET,0
RP,Alex Lange (22240613),Alex Lange,22240613,P,4000,NYY@DET 04/21/2022 01:10PM ET,DET,3.23
SP,Jackson Jobe (22240615),Jackson Jobe,22240615,P,4000,NYY@DET 04/21/2022 01:10PM ET,DET,0
SP,Logan Shore (22240616),Logan Shore,22240616,P,4000,NYY@DET 04/21/2022 01:10PM ET,DET,0
RP,Vinny Nittoli (22240625),Vinny Nittoli,22240625,P,4000,NYY@DET 04/21/2022 01:10PM ET,NYY,0
SP,Dylan Smith (22240631),Dylan Smith,22240631,P,4000,NYY@DET 04/21/2022 01:10PM ET,DET,0
RP,Manny Banuelos (22240658),Manny Banuelos,22240658,P,4000,NYY@DET 04/21/2022 01:10PM ET,NYY,0
SP,Reese Olson (22240672),Reese Olson,22240672,P,4000,NYY@DET 04/21/2022 01:10PM ET,DET,0
RP,Angel De Jesus (22240673),Angel De Jesus,22240673,P,4000,NYY@DET 04/21/2022 01:10PM ET,DET,0
RP,Jacob Barnes (22240689),Jacob Barnes,22240689,P,4000,NYY@DET 04/21/2022 01:10PM ET,DET,4.29
SP,Ken Waldichuk (22240703),Ken Waldichuk,22240703,P,4000,NYY@DET 04/21/2022 01:10PM ET,NYY,0
SP,Joey Wentz (22240704),Joey Wentz,22240704,P,4000,NYY@DET 04/21/2022 01:10PM ET,DET,0
SP,Gregory Soto (22240705),Gregory Soto,22240705,P,4000,NYY@DET 04/21/2022 01:10PM ET,DET,3
SP,Ty Madden (22240711),Ty Madden,22240711,P,4000,NYY@DET 04/21/2022 01:10PM ET,DET,0
RP,Chad Green (22240718),Chad Green,22240718,P,4000,NYY@DET 04/21/2022 01:10PM ET,NYY,3.04
RP,Joe Jimenez (22240727),Joe Jimenez,22240727,P,4000,NYY@DET 04/21/2022 01:10PM ET,DET,3.88
RP,Ryan Weber (22240731),Ryan Weber,22240731,P,4000,NYY@DET 04/21/2022 01:10PM ET,NYY,0
RP,Zack Britton (22240740),Zack Britton,22240740,P,4000,NYY@DET 04/21/2022 01:10PM ET,NYY,0
RP,Bryan Garcia (22240755),Bryan Garcia,22240755,P,4000,NYY@DET 04/21/2022 01:10PM ET,DET,0
RP,Nolan Blackwood (22240759),Nolan Blackwood,22240759,P,4000,NYY@DET 04/21/2022 01:10PM ET,DET,0
RP,Will Vest (22240761),Will Vest,22240761,P,4000,NYY@DET 04/21/2022 01:10PM ET,DET,3.02
RP,Nivaldo Rodriguez (22240765),Nivaldo Rodriguez,22240765,P,4000,NYY@DET 04/21/2022 01:10PM ET,DET,0
RP,Reggie McClain (22240769),Reggie McClain,22240769,P,4000,NYY@DET 04/21/2022 01:10PM ET,NYY,0
RP,Andrew Chafin (22240770),Andrew Chafin,22240770,P,4000,NYY@DET 04/21/2022 01:10PM ET,DET,0
SP,Brendan Beck (22240779),Brendan Beck,22240779,P,4000,NYY@DET 04/21/2022 01:10PM ET,NYY,0
SP,Hayden Wesneski (22240783),Hayden Wesneski,22240783,P,4000,NYY@DET 04/21/2022 01:10PM ET,NYY,0
RP,Stephen Ridings (22240792),Stephen Ridings,22240792,P,4000,NYY@DET 04/21/2022 01:10PM ET,NYY,0
RP,Aroldis Chapman (22240817),Aroldis Chapman,22240817,P,4000,NYY@DET 04/21/2022 01:10PM ET,NYY,3.29
SP,Elvin Rodriguez (22240836),Elvin Rodriguez,22240836,P,4000,NYY@DET 04/21/2022 01:10PM ET,DET,-1
RP,Alex Faedo (22240837),Alex Faedo,22240837,P,4000,NYY@DET 04/21/2022 01:10PM ET,DET,0
SP,Randy Vasquez (22240839),Randy Vasquez,22240839,P,4000,NYY@DET 04/21/2022 01:10PM ET,NYY,0
RP,Ron Marinaccio (22240853),Ron Marinaccio,22240853,P,4000,NYY@DET 04/21/2022 01:10PM ET,NYY,5.02
RP,Miguel del Pozo (22240854),Miguel del Pozo,22240854,P,4000,NYY@DET 04/21/2022 01:10PM ET,DET,0
SP,Clay Holmes (22240859),Clay Holmes,22240859,P,4000,NYY@DET 04/21/2022 01:10PM ET,NYY,4.22
RP,Jose Cisnero (22240866),Jose Cisnero,22240866,P,4000,NYY@DET 04/21/2022 01:10PM ET,DET,0
RP,Jonathan Loaisiga (22240867),Jonathan Loaisiga,22240867,P,4000,NYY@DET 04/21/2022 01:10PM ET,NYY,1.38
RP,Ricardo Pinto (22240868),Ricardo Pinto,22240868,P,4000,NYY@DET 04/21/2022 01:10PM ET,DET,0
SP,Brock Selvidge (22240876),Brock Selvidge,22240876,P,4000,NYY@DET 04/21/2022 01:10PM ET,NYY,0
RP,Rony Garcia (22240877),Rony Garcia,22240877,P,4000,NYY@DET 04/21/2022 01:10PM ET,DET,4
SP,Spencer Turnbull (22240879),Spencer Turnbull,22240879,P,4000,NYY@DET 04/21/2022 01:10PM ET,DET,0
RP,Miguel Diaz (22240880),Miguel Diaz,22240880,P,4000,NYY@DET 04/21/2022 01:10PM ET,DET,0
RP,Michael King (22240889),Michael King,22240889,P,4000,NYY@DET 04/21/2022 01:10PM ET,NYY,8.31
SP,Michael Fulmer (22240891),Michael Fulmer,22240891,P,4000,NYY@DET 04/21/2022 01:10PM ET,DET,4.92
SP,Chase Anderson (22240892),Chase Anderson,22240892,P,4000,NYY@DET 04/21/2022 01:10PM ET,DET,0
SP,Kyle Funkhouser (22240893),Kyle Funkhouser,22240893,P,4000,NYY@DET 04/21/2022 01:10PM ET,DET,0
SP,Drew Hutchison (22240898),Drew Hutchison,22240898,P,4000,NYY@DET 04/21/2022 01:10PM ET,DET,2.82
RP,Lucas Luetge (22240906),Lucas Luetge,22240906,P,4000,NYY@DET 04/21/2022 01:10PM ET,NYY,4.95
RP,Wandy Peralta (22240910),Wandy Peralta,22240910,P,4000,NYY@DET 04/21/2022 01:10PM ET,NYY,1.96
RP,Miguel Castro (22240915),Miguel Castro,22240915,P,4000,NYY@DET 04/21/2022 01:10PM ET,NYY,2.71
SP,Kenta Maeda (22240544),Kenta Maeda,22240544,P,4000,MIN@KC 04/21/2022 02:10PM ET,MIN,0
SP,Jake Faria (22240550),Jake Faria,22240550,P,4000,MIN@KC 04/21/2022 02:10PM ET,MIN,0
SP,Josh Winder (22240551),Josh Winder,22240551,P,4000,MIN@KC 04/21/2022 02:10PM ET,MIN,5.02
SP,Chi Chi Gonzalez (22240552),Chi Chi Gonzalez,22240552,P,4000,MIN@KC 04/21/2022 02:10PM ET,MIN,0
RP,Devin Smeltzer (22240572),Devin Smeltzer,22240572,P,4000,MIN@KC 04/21/2022 02:10PM ET,MIN,0
RP,Lewis Thorpe (22240575),Lewis Thorpe,22240575,P,4000,MIN@KC 04/21/2022 02:10PM ET,MIN,0
RP,Danny Coulombe (22240576),Danny Coulombe,22240576,P,4000,MIN@KC 04/21/2022 02:10PM ET,MIN,3.9
RP,Griffin Jax (22240578),Griffin Jax,22240578,P,4000,MIN@KC 04/21/2022 02:10PM ET,MIN,4.28
RP,Randy Dobnak (22240580),Randy Dobnak,22240580,P,4000,MIN@KC 04/21/2022 02:10PM ET,MIN,0
SP,Chris Vallimont (22240585),Chris Vallimont,22240585,P,4000,MIN@KC 04/21/2022 02:10PM ET,MIN,0
SP,Asa Lacy (22240599),Asa Lacy,22240599,P,4000,MIN@KC 04/21/2022 02:10PM ET,KC,0
SP,Cole Sands (22240602),Cole Sands,22240602,P,4000,MIN@KC 04/21/2022 02:10PM ET,MIN,0
RP,Jhon Romero (22240604),Jhon Romero,22240604,P,4000,MIN@KC 04/21/2022 02:10PM ET,MIN,3.96
SP,Stephen Woods Jr. (22240612),Stephen Woods Jr.,22240612,P,4000,MIN@KC 04/21/2022 02:10PM ET,KC,0
RP,Sam Freeman (22240626),Sam Freeman,22240626,P,4000,MIN@KC 04/21/2022 02:10PM ET,KC,0
RP,Arodys Vizcaino (22240629),Arodys Vizcaino,22240629,P,4000,MIN@KC 04/21/2022 02:10PM ET,KC,0
SP,Foster Griffin (22240647),Foster Griffin,22240647,P,4000,MIN@KC 04/21/2022 02:10PM ET,KC,0
RP,Jake Petricka (22240652),Jake Petricka,22240652,P,4000,MIN@KC 04/21/2022 02:10PM ET,MIN,0
SP,Drew Strotman (22240660),Drew Strotman,22240660,P,4000,MIN@KC 04/21/2022 02:10PM ET,MIN,0
RP,Josh Staumont (22240664),Josh Staumont,22240664,P,4000,MIN@KC 04/21/2022 02:10PM ET,KC,3.04
RP,Joe Smith (22240665),Joe Smith,22240665,P,4000,MIN@KC 04/21/2022 02:10PM ET,MIN,2.77
RP,Joel Payamps (22240666),Joel Payamps,22240666,P,4000,MIN@KC 04/21/2022 02:10PM ET,KC,1.35
RP,Richard Lovelady (22240667),Richard Lovelady,22240667,P,4000,MIN@KC 04/21/2022 02:10PM ET,KC,0
RP,Ronald Bolanos (22240668),Ronald Bolanos,22240668,P,4000,MIN@KC 04/21/2022 02:10PM ET,KC,0
SP,Ben Hernandez (22240671),Ben Hernandez,22240671,P,4000,MIN@KC 04/21/2022 02:10PM ET,KC,0
RP,Dereck Rodriguez (22240674),Dereck Rodriguez,22240674,P,4000,MIN@KC 04/21/2022 02:10PM ET,MIN,2.8
RP,Amir Garrett (22240675),Amir Garrett,22240675,P,4000,MIN@KC 04/21/2022 02:10PM ET,KC,5.43
SP,Daniel Gossett (22240678),Daniel Gossett,22240678,P,4000,MIN@KC 04/21/2022 02:10PM ET,MIN,0
RP,Scott Barlow (22240692),Scott Barlow,22240692,P,4000,MIN@KC 04/21/2022 02:10PM ET,KC,4.57
SP,Jhoan Duran (22240694),Jhoan Duran,22240694,P,4000,MIN@KC 04/21/2022 02:10PM ET,MIN,5.68
RP,Cody Stashak (22240697),Cody Stashak,22240697,P,4000,MIN@KC 04/21/2022 02:10PM ET,MIN,3.1
SP,Noah Murdock (22240700),Noah Murdock,22240700,P,4000,MIN@KC 04/21/2022 02:10PM ET,KC,0
RP,Gabe Speier (22240724),Gabe Speier,22240724,P,4000,MIN@KC 04/21/2022 02:10PM ET,KC,9.15
SP,Frank Mozzicato (22240730),Frank Mozzicato,22240730,P,4000,MIN@KC 04/21/2022 02:10PM ET,KC,0
SP,Austin Cox (22240734),Austin Cox,22240734,P,4000,MIN@KC 04/21/2022 02:10PM ET,KC,0
RP,Brad Peacock (22240735),Brad Peacock,22240735,P,4000,MIN@KC 04/21/2022 02:10PM ET,KC,0
SP,Alec Marsh (22240742),Alec Marsh,22240742,P,4000,MIN@KC 04/21/2022 02:10PM ET,KC,0
SP,Ben Kudrna (22240748),Ben Kudrna,22240748,P,4000,MIN@KC 04/21/2022 02:10PM ET,KC,0
RP,Jovani Moran (22240750),Jovani Moran,22240750,P,4000,MIN@KC 04/21/2022 02:10PM ET,MIN,0
RP,Domingo Tapia (22240752),Domingo Tapia,22240752,P,4000,MIN@KC 04/21/2022 02:10PM ET,KC,0
RP,Tyler Duffey (22240766),Tyler Duffey,22240766,P,4000,MIN@KC 04/21/2022 02:10PM ET,MIN,0.55
RP,Dylan Coleman (22240775),Dylan Coleman,22240775,P,4000,MIN@KC 04/21/2022 02:10PM ET,KC,3.84
RP,Taylor Clarke (22240781),Taylor Clarke,22240781,P,4000,MIN@KC 04/21/2022 02:10PM ET,KC,2.04
RP,Jorge Alcala (22240782),Jorge Alcala,22240782,P,4000,MIN@KC 04/21/2022 02:10PM ET,MIN,3.42
RP,Colten Brewer (22240788),Colten Brewer,22240788,P,4000,MIN@KC 04/21/2022 02:10PM ET,KC,0
RP,Ian Hamilton (22240798),Ian Hamilton,22240798,P,4000,MIN@KC 04/21/2022 02:10PM ET,MIN,0
RP,Collin Snider (22240799),Collin Snider,22240799,P,4000,MIN@KC 04/21/2022 02:10PM ET,KC,4.27
RP,Jake Brentz (22240821),Jake Brentz,22240821,P,4000,MIN@KC 04/21/2022 02:10PM ET,KC,1.8
SP,Yefri Del Rosario (22240822),Yefri Del Rosario,22240822,P,4000,MIN@KC 04/21/2022 02:10PM ET,KC,0
RP,Emilio Pagan (22240828),Emilio Pagan,22240828,P,4000,MIN@KC 04/21/2022 02:10PM ET,MIN,4.52
RP,Caleb Thielbar (22240834),Caleb Thielbar,22240834,P,4000,MIN@KC 04/21/2022 02:10PM ET,MIN,-1.55
RP,Juan Minaya (22240845),Juan Minaya,22240845,P,4000,MIN@KC 04/21/2022 02:10PM ET,MIN,0
RP,Trevor Megill (22240852),Trevor Megill,22240852,P,4000,MIN@KC 04/21/2022 02:10PM ET,MIN,0
SP,Jharel Cotton (22240865),Jharel Cotton,22240865,P,4000,MIN@KC 04/21/2022 02:10PM ET,MIN,3.05
RP,Tyler Zuber (22240874),Tyler Zuber,22240874,P,4000,MIN@KC 04/21/2022 02:10PM ET,KC,0
SP,Jon Heasley (22240895),Jon Heasley,22240895,P,4000,MIN@KC 04/21/2022 02:10PM ET,KC,0
SP,Jackson Kowar (22240900),Jackson Kowar,22240900,P,4000,MIN@KC 04/21/2022 02:10PM ET,KC,-5.7
SP,Angel Zerpa (22240902),Angel Zerpa,22240902,P,4000,MIN@KC 04/21/2022 02:10PM ET,KC,0
SS,Alcides Escobar (22239892),Alcides Escobar,22239892,SS,3900,ARI@WAS 04/21/2022 04:05PM ET,WAS,4.09
OF,Alex Verdugo (22239891),Alex Verdugo,22239891,OF,3900,TOR@BOS 04/21/2022 01:35PM ET,BOS,8.17
3B,Matt Chapman (22239893),Matt Chapman,22239893,3B,3900,TOR@BOS 04/21/2022 01:35PM ET,TOR,6.08
OF,Brandon Nimmo (22239889),Brandon Nimmo,22239889,OF,3900,SF@NYM 04/21/2022 01:10PM ET,NYM,9.88
2B,Gleyber Torres (22239890),Gleyber Torres,22239890,2B,3900,NYY@DET 04/21/2022 01:10PM ET,NYY,3.46
2B/SS,Leury Garcia (22239894),Leury Garcia,22239894,2B/SS,3800,CWS@CLE 04/21/2022 01:10PM ET,CWS,1.5
OF,Lourdes Gurriel Jr. (22239898),Lourdes Gurriel Jr.,22239898,OF,3800,TOR@BOS 04/21/2022 01:35PM ET,TOR,6.83
2B/OF,Jeff McNeil (22239896),Jeff McNeil,22239896,2B/OF,3800,SF@NYM 04/21/2022 01:10PM ET,NYM,7.64
3B,Evan Longoria (22239899),Evan Longoria,22239899,3B,3800,SF@NYM 04/21/2022 01:10PM ET,SF,0
2B,Jorge Polanco (22239900),Jorge Polanco,22239900,2B,3800,MIN@KC 04/21/2022 02:10PM ET,MIN,7.08
3B,Jake Burger (22239901),Jake Burger,22239901,3B,3700,CWS@CLE 04/21/2022 01:10PM ET,CWS,5.38
2B/SS,Andres Gimenez (22239902),Andres Gimenez,22239902,2B/SS,3700,CWS@CLE 04/21/2022 01:10PM ET,CLE,4
1B,Bobby Dalbec (22239904),Bobby Dalbec,22239904,1B,3700,TOR@BOS 04/21/2022 01:35PM ET,BOS,4.4
C,Christian Vazquez (22239906),Christian Vazquez,22239906,C,3700,TOR@BOS 04/21/2022 01:35PM ET,BOS,5.14
OF,Robbie Grossman (22239905),Robbie Grossman,22239905,OF,3700,NYY@DET 04/21/2022 01:10PM ET,DET,3.75
2B/3B,Josh Harrison (22239908),Josh Harrison,22239908,2B/3B,3600,CWS@CLE 04/21/2022 01:10PM ET,CWS,3.25
1B/OF,Jordan Luplow (22239914),Jordan Luplow,22239914,1B/OF,3600,ARI@WAS 04/21/2022 04:05PM ET,ARI,0
2B/OF,Tony Kemp (22239912),Tony Kemp,22239912,2B/OF,3600,BAL@OAK 04/21/2022 03:37PM ET,OAK,6.18
SS,Javier Baez (22239907),Javier Baez,22239907,SS,3600,NYY@DET 04/21/2022 01:10PM ET,DET,7.8
C/OF,Eric Haase (22239910),Eric Haase,22239910,C/OF,3600,NYY@DET 04/21/2022 01:10PM ET,DET,3.89
OF,David Peralta (22239918),David Peralta,22239918,OF,3500,ARI@WAS 04/21/2022 04:05PM ET,ARI,5
2B/3B,Yonny Hernandez (22239920),Yonny Hernandez,22239920,2B/3B,3500,ARI@WAS 04/21/2022 04:05PM ET,ARI,3
C,Carson Kelly (22239922),Carson Kelly,22239922,C,3500,ARI@WAS 04/21/2022 04:05PM ET,ARI,1.78
1B/3B,Joshua Fuentes (22240171),Joshua Fuentes,22240171,1B/3B,3500,TOR@BOS 04/21/2022 01:35PM ET,TOR,0
SS,Elvis Andrus (22239916),Elvis Andrus,22239916,SS,3500,BAL@OAK 04/21/2022 03:37PM ET,OAK,7.17
OF,Joey Gallo (22239917),Joey Gallo,22239917,OF,3500,NYY@DET 04/21/2022 01:10PM ET,NYY,2
1B,Miguel Cabrera (22239923),Miguel Cabrera,22239923,1B,3500,NYY@DET 04/21/2022 01:10PM ET,DET,5.82
2B,Nicky Lopez (22239919),Nicky Lopez,22239919,2B,3500,MIN@KC 04/21/2022 02:10PM ET,KC,5.3
2B,Cesar Hernandez (22239924),Cesar Hernandez,22239924,2B,3400,ARI@WAS 04/21/2022 04:05PM ET,WAS,5.5
1B,Seth Beer (22239928),Seth Beer,22239928,1B,3400,ARI@WAS 04/21/2022 04:05PM ET,ARI,7.54
SS,Isiah Kiner-Falefa (22239925),Isiah Kiner-Falefa,22239925,SS,3400,NYY@DET 04/21/2022 01:10PM ET,NYY,6
OF,Aaron Hicks (22239926),Aaron Hicks,22239926,OF,3400,NYY@DET 04/21/2022 01:10PM ET,NYY,5.83
C,Jake Rogers (22239927),Jake Rogers,22239927,C,3400,NYY@DET 04/21/2022 01:10PM ET,DET,0
C,Austin Hedges (22239932),Austin Hedges,22239932,C,3300,CWS@CLE 04/21/2022 01:10PM ET,CLE,2.22
OF,Daulton Varsho (22239931),Daulton Varsho,22239931,OF,3300,ARI@WAS 04/21/2022 04:05PM ET,ARI,6.75
2B,Jed Lowrie (22239930),Jed Lowrie,22239930,2B,3300,BAL@OAK 04/21/2022 03:37PM ET,OAK,7
1B/OF,Seth Brown (22239933),Seth Brown,22239933,1B/OF,3300,BAL@OAK 04/21/2022 03:37PM ET,OAK,6.58
2B,Robinson Cano (22239929),Robinson Cano,22239929,2B,3300,SF@NYM 04/21/2022 01:10PM ET,NYM,4.75
OF,Austin Dean (22240173),Austin Dean,22240173,OF,3300,SF@NYM 04/21/2022 01:10PM ET,SF,0
C,Tres Barrera (22240174),Tres Barrera,22240174,C,3200,ARI@WAS 04/21/2022 04:05PM ET,WAS,0
OF,Raimel Tapia (22239935),Raimel Tapia,22239935,OF,3200,TOR@BOS 04/21/2022 01:35PM ET,TOR,5.5
OF/SS,Christian Arroyo (22239936),Christian Arroyo,22239936,SS/OF,3200,TOR@BOS 04/21/2022 01:35PM ET,BOS,2.25
C,Danny Jansen (22239940),Danny Jansen,22239940,C,3200,TOR@BOS 04/21/2022 01:35PM ET,TOR,13.33
OF,Stephen Piscotty (22239941),Stephen Piscotty,22239941,OF,3200,BAL@OAK 04/21/2022 03:37PM ET,OAK,5.4
3B,Wilmer Flores (22239942),Wilmer Flores,22239942,3B,3200,SF@NYM 04/21/2022 01:10PM ET,SF,6.1
1B,JT Schwartz (22240175),JT Schwartz,22240175,1B,3200,SF@NYM 04/21/2022 01:10PM ET,NYM,0
C,Dustin Garneau (22239939),Dustin Garneau,22239939,C,3200,NYY@DET 04/21/2022 01:10PM ET,DET,2.8
1B,Spencer Torkelson (22239943),Spencer Torkelson,22239943,1B,3200,NYY@DET 04/21/2022 01:10PM ET,DET,6.18
OF,Max Kepler (22239938),Max Kepler,22239938,OF,3200,MIN@KC 04/21/2022 02:10PM ET,MIN,5.25
OF,Oscar Mercado (22239950),Oscar Mercado,22239950,OF,3100,CWS@CLE 04/21/2022 01:10PM ET,CLE,8.09
2B/3B,Bryan Ramos (22240177),Bryan Ramos,22240177,2B/3B,3100,CWS@CLE 04/21/2022 01:10PM ET,CWS,0
1B/OF,Patrick Kivlehan (22240179),Patrick Kivlehan,22240179,1B/OF,3100,CWS@CLE 04/21/2022 01:10PM ET,CWS,0
OF,Cooper Hummel (22239946),Cooper Hummel,22239946,OF,3100,ARI@WAS 04/21/2022 04:05PM ET,ARI,4
OF,Bradley Zimmer (22239948),Bradley Zimmer,22239948,OF,3100,TOR@BOS 04/21/2022 01:35PM ET,TOR,0
C,Alejandro Kirk (22239949),Alejandro Kirk,22239949,C,3100,TOR@BOS 04/21/2022 01:35PM ET,TOR,3.91
1B,Ryan Mountcastle (22239953),Ryan Mountcastle,22239953,1B,3100,BAL@OAK 04/21/2022 03:37PM ET,BAL,5.09
OF,Joc Pederson (22239947),Joc Pederson,22239947,OF,3100,SF@NYM 04/21/2022 01:10PM ET,SF,9.67
OF,Luis Gonzalez (22240176),Luis Gonzalez,22240176,OF,3100,SF@NYM 04/21/2022 01:10PM ET,SF,0
OF,Akil Baddoo (22239944),Akil Baddoo,22239944,OF,3100,NYY@DET 04/21/2022 01:10PM ET,DET,3.11
C,Kyle Higashioka (22239945),Kyle Higashioka,22239945,C,3100,NYY@DET 04/21/2022 01:10PM ET,NYY,1.7
2B/3B,Luis Arraez (22239951),Luis Arraez,22239951,2B/3B,3100,MIN@KC 04/21/2022 02:10PM ET,MIN,5.91
C,Reese McGuire (22239954),Reese McGuire,22239954,C,3000,CWS@CLE 04/21/2022 01:10PM ET,CWS,3.4
1B,Bobby Bradley (22239955),Bobby Bradley,22239955,1B,3000,CWS@CLE 04/21/2022 01:10PM ET,CLE,0.6
1B,Christian Walker (22239956),Christian Walker,22239956,1B,3000,ARI@WAS 04/21/2022 04:05PM ET,ARI,5.73
SS,Geraldo Perdomo (22239957),Geraldo Perdomo,22239957,SS,3000,ARI@WAS 04/21/2022 04:05PM ET,ARI,2.73
2B,Jake Hager (22240181),Jake Hager,22240181,2B,3000,ARI@WAS 04/21/2022 04:05PM ET,ARI,0
2B/3B,Sheldon Neuse (22239958),Sheldon Neuse,22239958,2B/3B,3000,BAL@OAK 04/21/2022 03:37PM ET,OAK,6.4
2B,Travis Blankenhorn (22240182),Travis Blankenhorn,22240182,2B,3000,SF@NYM 04/21/2022 01:10PM ET,NYM,0
OF,Lane Thomas (22239966),Lane Thomas,22239966,OF,2900,ARI@WAS 04/21/2022 04:05PM ET,WAS,3.77
OF,Jake McCarthy (22239967),Jake McCarthy,22239967,OF,2900,ARI@WAS 04/21/2022 04:05PM ET,ARI,1.56
C,Kevin Plawecki (22239960),Kevin Plawecki,22239960,C,2900,TOR@BOS 04/21/2022 01:35PM ET,BOS,2.25
1B,Travis Shaw (22239961),Travis Shaw,22239961,1B,2900,TOR@BOS 04/21/2022 01:35PM ET,BOS,0
2B/OF,Cavan Biggio (22239970),Cavan Biggio,22239970,2B/OF,2900,TOR@BOS 04/21/2022 01:35PM ET,TOR,1.7
OF,Anthony Santander (22239962),Anthony Santander,22239962,OF,2900,BAL@OAK 04/21/2022 03:37PM ET,BAL,6
OF,Steven Duggar (22239964),Steven Duggar,22239964,OF,2900,SF@NYM 04/21/2022 01:10PM ET,SF,6.3
3B,J.D. Davis (22239965),J.D. Davis,22239965,3B,2900,SF@NYM 04/21/2022 01:10PM ET,NYM,3.88
3B/OF,Luke Williams (22239968),Luke Williams,22239968,3B/OF,2900,SF@NYM 04/21/2022 01:10PM ET,SF,2.8
OF,Jaylin Davis (22240183),Jaylin Davis,22240183,OF,2900,SF@NYM 04/21/2022 01:10PM ET,SF,0
OF,Hunter Bishop (22240184),Hunter Bishop,22240184,OF,2900,SF@NYM 04/21/2022 01:10PM ET,SF,0
3B,Casey Schmitt (22240185),Casey Schmitt,22240185,3B,2900,SF@NYM 04/21/2022 01:10PM ET,SF,0
C,Jhonny Pereda (22240186),Jhonny Pereda,22240186,C,2900,SF@NYM 04/21/2022 01:10PM ET,SF,0
SS,Will Wilson (22240187),Will Wilson,22240187,SS,2900,SF@NYM 04/21/2022 01:10PM ET,SF,0
C,Ricardo Genoves (22240188),Ricardo Genoves,22240188,C,2900,SF@NYM 04/21/2022 01:10PM ET,SF,0
SS,Marco Luciano (22240189),Marco Luciano,22240189,SS,2900,SF@NYM 04/21/2022 01:10PM ET,SF,0
OF,Luis Matos (22240190),Luis Matos,22240190,OF,2900,SF@NYM 04/21/2022 01:10PM ET,SF,0
SS,Arquimedes Gamboa (22240191),Arquimedes Gamboa,22240191,SS,2900,SF@NYM 04/21/2022 01:10PM ET,SF,0
3B,Luis Toribio (22240192),Luis Toribio,22240192,3B,2900,SF@NYM 04/21/2022 01:10PM ET,SF,0
C,Patrick Bailey (22240193),Patrick Bailey,22240193,C,2900,SF@NYM 04/21/2022 01:10PM ET,SF,0
SS,Aeverson Arteaga (22240194),Aeverson Arteaga,22240194,SS,2900,SF@NYM 04/21/2022 01:10PM ET,SF,0
1B/OF,Wyatt Mathisen (22240195),Wyatt Mathisen,22240195,1B/OF,2900,SF@NYM 04/21/2022 01:10PM ET,SF,0
1B/3B,Alex Blandino (22240197),Alex Blandino,22240197,1B/3B,2900,SF@NYM 04/21/2022 01:10PM ET,SF,0
OF,Ka'ai Tom (22240199),Ka'ai Tom,22240199,OF,2900,SF@NYM 04/21/2022 01:10PM ET,SF,0
1B,Hunter Dozier (22239963),Hunter Dozier,22239963,1B,2900,MIN@KC 04/21/2022 02:10PM ET,KC,7.44
1B/2B,Owen Miller (22239972),Owen Miller,22239972,1B/2B,2800,CWS@CLE 04/21/2022 01:10PM ET,CLE,12.22
2B/SS,Danny Mendick (22239974),Danny Mendick,22239974,2B/SS,2800,CWS@CLE 04/21/2022 01:10PM ET,CWS,3.2
2B/SS,Lenyn Sosa (22240200),Lenyn Sosa,22240200,2B/SS,2800,CWS@CLE 04/21/2022 01:10PM ET,CWS,0
SS,Colson Montgomery (22240202),Colson Montgomery,22240202,SS,2800,CWS@CLE 04/21/2022 01:10PM ET,CWS,0
OF,Mark Payton (22240203),Mark Payton,22240203,OF,2800,CWS@CLE 04/21/2022 01:10PM ET,CWS,0
OF,Yadiel Hernandez (22239981),Yadiel Hernandez,22239981,OF,2800,ARI@WAS 04/21/2022 04:05PM ET,WAS,5.62
OF,Pavin Smith (22239982),Pavin Smith,22239982,OF,2800,ARI@WAS 04/21/2022 04:05PM ET,ARI,3.73
3B,Maikel Franco (22239985),Maikel Franco,22239985,3B,2800,ARI@WAS 04/21/2022 04:05PM ET,WAS,6.07
C,Grayson Greiner (22240216),Grayson Greiner,22240216,C,2800,ARI@WAS 04/21/2022 04:05PM ET,ARI,0
OF,Stuart Fairchild (22240217),Stuart Fairchild,22240217,OF,2800,ARI@WAS 04/21/2022 04:05PM ET,ARI,0
2B/3B,Ramon Urias (22239979),Ramon Urias,22239979,2B/3B,2800,BAL@OAK 04/21/2022 03:37PM ET,BAL,3.7
C,Stephen Vogt (22239984),Stephen Vogt,22239984,C,2800,BAL@OAK 04/21/2022 03:37PM ET,OAK,4
3B,Jason Vosler (22239976),Jason Vosler,22239976,3B,2800,SF@NYM 04/21/2022 01:10PM ET,SF,10
1B/OF,Dominic Smith (22239977),Dominic Smith,22239977,1B/OF,2800,SF@NYM 04/21/2022 01:10PM ET,NYM,2
C,Joey Bart (22239986),Joey Bart,22239986,C,2800,SF@NYM 04/21/2022 01:10PM ET,SF,7.22
3B/SS,Mark Vientos (22240204),Mark Vientos,22240204,3B/SS,2800,SF@NYM 04/21/2022 01:10PM ET,NYM,0
C,Francisco Alvarez (22240206),Francisco Alvarez,22240206,C,2800,SF@NYM 04/21/2022 01:10PM ET,NYM,0
3B,Brett Baty (22240207),Brett Baty,22240207,3B,2800,SF@NYM 04/21/2022 01:10PM ET,NYM,0
OF,Daniel Palka (22240208),Daniel Palka,22240208,OF,2800,SF@NYM 04/21/2022 01:10PM ET,NYM,0
SS,Shervyen Newton (22240209),Shervyen Newton,22240209,SS,2800,SF@NYM 04/21/2022 01:10PM ET,NYM,0
SS,Ronny Mauricio (22240210),Ronny Mauricio,22240210,SS,2800,SF@NYM 04/21/2022 01:10PM ET,NYM,0
3B/SS,Jaylen Palmer (22240211),Jaylen Palmer,22240211,3B/SS,2800,SF@NYM 04/21/2022 01:10PM ET,NYM,0
2B/OF,Carlos Cortes (22240213),Carlos Cortes,22240213,2B/OF,2800,SF@NYM 04/21/2022 01:10PM ET,NYM,0
C,Nick Dini (22240215),Nick Dini,22240215,C,2800,SF@NYM 04/21/2022 01:10PM ET,NYM,0
C,Gary Sanchez (22239983),Gary Sanchez,22239983,C,2800,MIN@KC 04/21/2022 02:10PM ET,MIN,6.8
1B/OF,Josh Naylor (22239987),Josh Naylor,22239987,1B/OF,2700,CWS@CLE 04/21/2022 01:10PM ET,CLE,6
C,Nick Ciuffo (22240219),Nick Ciuffo,22240219,C,2700,CWS@CLE 04/21/2022 01:10PM ET,CWS,0
C,Jose Herrera (22239993),Jose Herrera,22239993,C,2700,ARI@WAS 04/21/2022 04:05PM ET,ARI,0.67
OF,Andrew Stevenson (22240218),Andrew Stevenson,22240218,OF,2700,ARI@WAS 04/21/2022 04:05PM ET,WAS,0
2B,Luis Garcia (22240220),Luis Garcia,22240220,2B,2700,ARI@WAS 04/21/2022 04:05PM ET,WAS,0
OF,Jackie Bradley Jr. (22239990),Jackie Bradley Jr.,22239990,OF,2700,TOR@BOS 04/21/2022 01:35PM ET,BOS,4.33
C,Zack Collins (22239995),Zack Collins,22239995,C,2700,TOR@BOS 04/21/2022 01:35PM ET,TOR,9.67
OF,Austin Hays (22239991),Austin Hays,22239991,OF,2700,BAL@OAK 04/21/2022 03:37PM ET,BAL,4.82
C,Curt Casali (22239989),Curt Casali,22239989,C,2700,SF@NYM 04/21/2022 01:10PM ET,SF,1.67
2B/SS,Luis Guillorme (22239997),Luis Guillorme,22239997,2B/SS,2700,SF@NYM 04/21/2022 01:10PM ET,NYM,1
OF,Khalil Lee (22240221),Khalil Lee,22240221,OF,2700,SF@NYM 04/21/2022 01:10PM ET,NYM,0
C,Patrick Mazeika (22240222),Patrick Mazeika,22240222,C,2700,SF@NYM 04/21/2022 01:10PM ET,NYM,0
OF,Johneshwy Fargas (22240223),Johneshwy Fargas,22240223,OF,2700,SF@NYM 04/21/2022 01:10PM ET,NYM,0
C,Bryan Lavastida (22240017),Bryan Lavastida,22240017,C,2600,CWS@CLE 04/21/2022 01:10PM ET,CLE,1.5
2B,Adrian Sanchez (22240224),Adrian Sanchez,22240224,2B,2600,ARI@WAS 04/21/2022 04:05PM ET,WAS,0
OF,Chad Pinder (22240007),Chad Pinder,22240007,OF,2600,BAL@OAK 04/21/2022 03:37PM ET,OAK,7.4
2B/3B,Rougned Odor (22240009),Rougned Odor,22240009,2B/3B,2600,BAL@OAK 04/21/2022 03:37PM ET,BAL,2.54
2B/OF,Shed Long Jr. (22240225),Shed Long Jr.,22240225,2B/OF,2600,BAL@OAK 04/21/2022 03:37PM ET,BAL,0
OF,Travis Jankowski (22240003),Travis Jankowski,22240003,OF,2600,SF@NYM 04/21/2022 01:10PM ET,NYM,5.67
OF,Mark Canha (22240005),Mark Canha,22240005,OF,2600,SF@NYM 04/21/2022 01:10PM ET,NYM,7
OF,Victor Reyes (22240013),Victor Reyes,22240013,OF,2600,NYY@DET 04/21/2022 01:10PM ET,DET,3.56
3B,Bobby Witt Jr. (22240001),Bobby Witt Jr.,22240001,3B,2600,MIN@KC 04/21/2022 02:10PM ET,KC,4.5
1B,Carlos Santana (22240015),Carlos Santana,22240015,1B,2600,MIN@KC 04/21/2022 02:10PM ET,KC,3
SS,Nick Ahmed (22240019),Nick Ahmed,22240019,SS,2500,ARI@WAS 04/21/2022 04:05PM ET,ARI,0
OF,Jarren Duran (22240227),Jarren Duran,22240227,OF,2500,TOR@BOS 04/21/2022 01:35PM ET,BOS,0
3B,Kevin Smith (22240021),Kevin Smith,22240021,3B,2500,BAL@OAK 04/21/2022 03:37PM ET,OAK,2.82
OF,Heliot Ramos (22240025),Heliot Ramos,22240025,OF,2500,SF@NYM 04/21/2022 01:10PM ET,SF,3
2B,Tommy La Stella (22240029),Tommy La Stella,22240029,2B,2500,SF@NYM 04/21/2022 01:10PM ET,SF,0
C,Jose Trevino (22240027),Jose Trevino,22240027,C,2500,NYY@DET 04/21/2022 01:10PM ET,NYY,6
1B,Miguel Sano (22240023),Miguel Sano,22240023,1B,2500,MIN@KC 04/21/2022 02:10PM ET,MIN,3.91
SS,Lucius Fox (22240031),Lucius Fox,22240031,SS,2400,ARI@WAS 04/21/2022 04:05PM ET,WAS,1
OF,Victor Robles (22240033),Victor Robles,22240033,OF,2400,ARI@WAS 04/21/2022 04:05PM ET,WAS,2.42
3B,Carter Kieboom (22240042),Carter Kieboom,22240042,3B,2400,ARI@WAS 04/21/2022 04:05PM ET,WAS,0
1B/OF,Trey Mancini (22240035),Trey Mancini,22240035,1B/OF,2400,BAL@OAK 04/21/2022 03:37PM ET,BAL,4.82
OF,Pedro Pineda (22240228),Pedro Pineda,22240228,OF,2400,BAL@OAK 04/21/2022 03:37PM ET,OAK,0
OF,Denzel Clarke (22240229),Denzel Clarke,22240229,OF,2400,BAL@OAK 04/21/2022 03:37PM ET,OAK,0
1B,Darin Ruf (22240044),Darin Ruf,22240044,1B,2400,SF@NYM 04/21/2022 01:10PM ET,SF,4.54
C,Tomas Nido (22240046),Tomas Nido,22240046,C,2400,SF@NYM 04/21/2022 01:10PM ET,NYM,2.2
C,James McCann (22240048),James McCann,22240048,C,2400,SF@NYM 04/21/2022 01:10PM ET,NYM,3.78
OF,Derek Hill (22240040),Derek Hill,22240040,OF,2400,NYY@DET 04/21/2022 01:10PM ET,DET,0
2B/3B,David Freitas (22240230),David Freitas,22240230,2B/3B,2400,NYY@DET 04/21/2022 01:10PM ET,NYY,0
3B/SS,Sergio Alcantara (22240050),Sergio Alcantara,22240050,3B/SS,2300,ARI@WAS 04/21/2022 04:05PM ET,ARI,2.82
SS,Jorge Mateo (22240056),Jorge Mateo,22240056,SS,2300,BAL@OAK 04/21/2022 03:37PM ET,BAL,6.27
2B/OF,Chris Owings (22240058),Chris Owings,22240058,2B/OF,2300,BAL@OAK 04/21/2022 03:37PM ET,BAL,1.6
2B,Jahmai Jones (22240232),Jahmai Jones,22240232,2B,2300,BAL@OAK 04/21/2022 03:37PM ET,BAL,0
OF,Austin Slater (22240054),Austin Slater,22240054,OF,2300,SF@NYM 04/21/2022 01:10PM ET,SF,2.7
C,Tucker Barnhart (22240066),Tucker Barnhart,22240066,C,2300,NYY@DET 04/21/2022 01:10PM ET,DET,2.38
1B/OF,Alex Kirilloff (22240062),Alex Kirilloff,22240062,1B/OF,2300,MIN@KC 04/21/2022 02:10PM ET,MIN,1
2B/SS,Jonathan Arauz (22240072),Jonathan Arauz,22240072,2B/SS,2200,TOR@BOS 04/21/2022 01:35PM ET,BOS,0.8
1B/OF,Billy McKinney (22240076),Billy McKinney,22240076,1B/OF,2200,BAL@OAK 04/21/2022 03:37PM ET,OAK,3.09
3B,Kelvin Gutierrez (22240080),Kelvin Gutierrez,22240080,3B,2200,BAL@OAK 04/21/2022 03:37PM ET,BAL,2.86
C,Austin Allen (22240082),Austin Allen,22240082,C,2200,BAL@OAK 04/21/2022 03:37PM ET,OAK,4.5
OF,Mickey McDonald (22240916),Mickey McDonald,22240916,OF,2200,BAL@OAK 04/21/2022 03:37PM ET,OAK,0
OF/SS,Mauricio Dubon (22240068),Mauricio Dubon,22240068,SS/OF,2200,SF@NYM 04/21/2022 01:10PM ET,SF,3.8
OF,Jake Cave (22240233),Jake Cave,22240233,OF,2200,MIN@KC 04/21/2022 02:10PM ET,MIN,0
3B,Drew Ellis (22240094),Drew Ellis,22240094,3B,2100,ARI@WAS 04/21/2022 04:05PM ET,ARI,2.33
OF/SS,Ehire Adrianza (22240100),Ehire Adrianza,22240100,SS/OF,2100,ARI@WAS 04/21/2022 04:05PM ET,WAS,0
2B,Santiago Espinal (22240104),Santiago Espinal,22240104,2B,2100,TOR@BOS 04/21/2022 01:35PM ET,TOR,5.5
OF,DJ Stewart (22240088),DJ Stewart,22240088,OF,2100,BAL@OAK 04/21/2022 03:37PM ET,BAL,0
C,Robinson Chirinos (22240092),Robinson Chirinos,22240092,C,2100,BAL@OAK 04/21/2022 03:37PM ET,BAL,2.89
OF,Daz Cameron (22240090),Daz Cameron,22240090,OF,2100,NYY@DET 04/21/2022 01:10PM ET,DET,9
1B/SS,Marwin Gonzalez (22240106),Marwin Gonzalez,22240106,1B/SS,2100,NYY@DET 04/21/2022 01:10PM ET,NYY,1
2B/OF,Jack Lopez (22240236),Jack Lopez,22240236,2B/OF,2100,NYY@DET 04/21/2022 01:10PM ET,DET,0
OF/SS,Nick Gordon (22240084),Nick Gordon,22240084,SS/OF,2100,MIN@KC 04/21/2022 02:10PM ET,MIN,3.33
OF,Michael A. Taylor (22240096),Michael A. Taylor,22240096,OF,2100,MIN@KC 04/21/2022 02:10PM ET,KC,4.7
3B,Gio Urshela (22240098),Gio Urshela,22240098,3B,2100,MIN@KC 04/21/2022 02:10PM ET,MIN,4.73
3B/SS,Daniel Robertson (22240234),Daniel Robertson,22240234,3B/SS,2100,MIN@KC 04/21/2022 02:10PM ET,MIN,0
OF,Micker Adolfo (22240132),Micker Adolfo,22240132,OF,2000,CWS@CLE 04/21/2022 01:10PM ET,CWS,0
2B/SS,Gabriel Arias (22240139),Gabriel Arias,22240139,2B/SS,2000,CWS@CLE 04/21/2022 01:10PM ET,CLE,4.5
OF,Adam Haseley (22240153),Adam Haseley,22240153,OF,2000,CWS@CLE 04/21/2022 01:10PM ET,CWS,2
C,Seby Zavala (22240157),Seby Zavala,22240157,C,2000,CWS@CLE 04/21/2022 01:10PM ET,CWS,0
C,Luke Maile (22240158),Luke Maile,22240158,C,2000,CWS@CLE 04/21/2022 01:10PM ET,CLE,0
2B/3B,Ernie Clement (22240163),Ernie Clement,22240163,2B/3B,2000,CWS@CLE 04/21/2022 01:10PM ET,CLE,6
OF,Luis Basabe (22240249),Luis Basabe,22240249,OF,2000,CWS@CLE 04/21/2022 01:10PM ET,CWS,0
3B,Nolan Jones (22240252),Nolan Jones,22240252,3B,2000,CWS@CLE 04/21/2022 01:10PM ET,CLE,0
OF,Cornelius Randolph (22240256),Cornelius Randolph,22240256,OF,2000,CWS@CLE 04/21/2022 01:10PM ET,CWS,0
3B,Jhonkensy Noel (22240272),Jhonkensy Noel,22240272,3B,2000,CWS@CLE 04/21/2022 01:10PM ET,CLE,0
SS,Brayan Rocchio (22240274),Brayan Rocchio,22240274,SS,2000,CWS@CLE 04/21/2022 01:10PM ET,CLE,0
2B/SS,Angel Martinez (22240285),Angel Martinez,22240285,2B/SS,2000,CWS@CLE 04/21/2022 01:10PM ET,CLE,0
OF,Blake Rutherford (22240296),Blake Rutherford,22240296,OF,2000,CWS@CLE 04/21/2022 01:10PM ET,CWS,0
2B,Jose Rodriguez (22240298),Jose Rodriguez,22240298,2B,2000,CWS@CLE 04/21/2022 01:10PM ET,CWS,0
SS,Yolbert Sanchez (22240305),Yolbert Sanchez,22240305,SS,2000,CWS@CLE 04/21/2022 01:10PM ET,CWS,0
SS,Laz Rivera (22240313),Laz Rivera,22240313,SS,2000,CWS@CLE 04/21/2022 01:10PM ET,CWS,0
3B,Wes Kath (22240319),Wes Kath,22240319,3B,2000,CWS@CLE 04/21/2022 01:10PM ET,CWS,0
SS,Yordys Valdes (22240321),Yordys Valdes,22240321,SS,2000,CWS@CLE 04/21/2022 01:10PM ET,CLE,0
SS,Jose Tena (22240330),Jose Tena,22240330,SS,2000,CWS@CLE 04/21/2022 01:10PM ET,CLE,0
OF,Will Benson (22240336),Will Benson,22240336,OF,2000,CWS@CLE 04/21/2022 01:10PM ET,CLE,0
SS,Aaron Bracho (22240344),Aaron Bracho,22240344,SS,2000,CWS@CLE 04/21/2022 01:10PM ET,CLE,0
SS,Gabriel Rodriguez (22240348),Gabriel Rodriguez,22240348,SS,2000,CWS@CLE 04/21/2022 01:10PM ET,CLE,0
3B,Ryder Jones (22240351),Ryder Jones,22240351,3B,2000,CWS@CLE 04/21/2022 01:10PM ET,CWS,0
C,Bo Naylor (22240357),Bo Naylor,22240357,C,2000,CWS@CLE 04/21/2022 01:10PM ET,CLE,0
OF,Richie Palacios (22240370),Richie Palacios,22240370,OF,2000,CWS@CLE 04/21/2022 01:10PM ET,CLE,0
OF,Petey Halpin (22240372),Petey Halpin,22240372,OF,2000,CWS@CLE 04/21/2022 01:10PM ET,CLE,0
OF,George Valera (22240396),George Valera,22240396,OF,2000,CWS@CLE 04/21/2022 01:10PM ET,CLE,0
SS,Raynel Delgado (22240400),Raynel Delgado,22240400,SS,2000,CWS@CLE 04/21/2022 01:10PM ET,CLE,0
OF,Dwight Smith Jr. (22240405),Dwight Smith Jr.,22240405,OF,2000,CWS@CLE 04/21/2022 01:10PM ET,CWS,0
OF,Yoelqui Cespedes (22240411),Yoelqui Cespedes,22240411,OF,2000,CWS@CLE 04/21/2022 01:10PM ET,CWS,0
SS,Tyler Freeman (22240413),Tyler Freeman,22240413,SS,2000,CWS@CLE 04/21/2022 01:10PM ET,CLE,0
3B/OF,Romy Gonzalez (22240431),Romy Gonzalez,22240431,3B/OF,2000,CWS@CLE 04/21/2022 01:10PM ET,CWS,0
C,Sandy Leon (22240440),Sandy Leon,22240440,C,2000,CWS@CLE 04/21/2022 01:10PM ET,CLE,0
OF,Daniel Johnson (22240444),Daniel Johnson,22240444,OF,2000,CWS@CLE 04/21/2022 01:10PM ET,CLE,0
C,Riley Adams (22240110),Riley Adams,22240110,C,2000,ARI@WAS 04/21/2022 04:05PM ET,WAS,2.25
OF,Dee Strange-Gordon (22240116),Dee Strange-Gordon,22240116,OF,2000,ARI@WAS 04/21/2022 04:05PM ET,WAS,0.5
OF,Donovan Casey (22240143),Donovan Casey,22240143,OF,2000,ARI@WAS 04/21/2022 04:05PM ET,WAS,0
SS,Armando Cruz (22240238),Armando Cruz,22240238,SS,2000,ARI@WAS 04/21/2022 04:05PM ET,WAS,0
SS,Yasel Antuna (22240248),Yasel Antuna,22240248,SS,2000,ARI@WAS 04/21/2022 04:05PM ET,WAS,0
SS,Brady House (22240257),Brady House,22240257,SS,2000,ARI@WAS 04/21/2022 04:05PM ET,WAS,0
C,Juan Graterol (22240264),Juan Graterol,22240264,C,2000,ARI@WAS 04/21/2022 04:05PM ET,ARI,0
3B,Jake Noll (22240268),Jake Noll,22240268,3B,2000,ARI@WAS 04/21/2022 04:05PM ET,WAS,0
C,Adrian Del Castillo (22240273),Adrian Del Castillo,22240273,C,2000,ARI@WAS 04/21/2022 04:05PM ET,ARI,0
3B,A.J. Vukovich (22240289),A.J. Vukovich,22240289,3B,2000,ARI@WAS 04/21/2022 04:05PM ET,ARI,0
OF,Corbin Carroll (22240299),Corbin Carroll,22240299,OF,2000,ARI@WAS 04/21/2022 04:05PM ET,ARI,0
OF,Kristian Robinson (22240308),Kristian Robinson,22240308,OF,2000,ARI@WAS 04/21/2022 04:05PM ET,ARI,0
OF,Eduardo Diaz (22240314),Eduardo Diaz,22240314,OF,2000,ARI@WAS 04/21/2022 04:05PM ET,ARI,0
OF,Alek Thomas (22240320),Alek Thomas,22240320,OF,2000,ARI@WAS 04/21/2022 04:05PM ET,ARI,0
SS,Jordan Lawlar (22240329),Jordan Lawlar,22240329,SS,2000,ARI@WAS 04/21/2022 04:05PM ET,ARI,0
C/OF,Chris Herrmann (22240333),Chris Herrmann,22240333,C/OF,2000,ARI@WAS 04/21/2022 04:05PM ET,WAS,0
SS,Gilbert Lara (22240346),Gilbert Lara,22240346,SS,2000,ARI@WAS 04/21/2022 04:05PM ET,WAS,0
SS,Ryan Bliss (22240347),Ryan Bliss,22240347,SS,2000,ARI@WAS 04/21/2022 04:05PM ET,ARI,0
SS,Sammy Infante (22240355),Sammy Infante,22240355,SS,2000,ARI@WAS 04/21/2022 04:05PM ET,WAS,0
SS,Blaze Alexander (22240356),Blaze Alexander,22240356,SS,2000,ARI@WAS 04/21/2022 04:05PM ET,ARI,0
SS,C.J. Chatham (22240358),C.J. Chatham,22240358,SS,2000,ARI@WAS 04/21/2022 04:05PM ET,ARI,0
OF,Nick Banks (22240361),Nick Banks,22240361,OF,2000,ARI@WAS 04/21/2022 04:05PM ET,WAS,0
C,Taylor Gushue (22240362),Taylor Gushue,22240362,C,2000,ARI@WAS 04/21/2022 04:05PM ET,WAS,0
OF,Dominic Fletcher (22240363),Dominic Fletcher,22240363,OF,2000,ARI@WAS 04/21/2022 04:05PM ET,ARI,0
1B,Branden Boissiere (22240364),Branden Boissiere,22240364,1B,2000,ARI@WAS 04/21/2022 04:05PM ET,WAS,0
1B/3B,Matt Davidson (22240385),Matt Davidson,22240385,1B/3B,2000,ARI@WAS 04/21/2022 04:05PM ET,ARI,0
1B/C,Andy Yerzy (22240390),Andy Yerzy,22240390,C/1B,2000,ARI@WAS 04/21/2022 04:05PM ET,ARI,0
OF,Cody Wilson (22240392),Cody Wilson,22240392,OF,2000,ARI@WAS 04/21/2022 04:05PM ET,WAS,0
SS,Richard Urena (22240394),Richard Urena,22240394,SS,2000,ARI@WAS 04/21/2022 04:05PM ET,WAS,0
C,Juan Centeno (22240398),Juan Centeno,22240398,C,2000,ARI@WAS 04/21/2022 04:05PM ET,ARI,0
OF,Daylen Lile (22240415),Daylen Lile,22240415,OF,2000,ARI@WAS 04/21/2022 04:05PM ET,WAS,0
2B/3B,Wilmer Difo (22240418),Wilmer Difo,22240418,2B/3B,2000,ARI@WAS 04/21/2022 04:05PM ET,ARI,0
OF,Braden Bishop (22240433),Braden Bishop,22240433,OF,2000,ARI@WAS 04/21/2022 04:05PM ET,ARI,0
OF,Nick Heath (22240438),Nick Heath,22240438,OF,2000,ARI@WAS 04/21/2022 04:05PM ET,ARI,0
2B,Andrew Young (22240439),Andrew Young,22240439,2B,2000,ARI@WAS 04/21/2022 04:05PM ET,WAS,0
OF,Gerardo Parra (22240450),Gerardo Parra,22240450,OF,2000,ARI@WAS 04/21/2022 04:05PM ET,WAS,0
C,Connor Wong (22240112),Connor Wong,22240112,C,2000,TOR@BOS 04/21/2022 01:35PM ET,BOS,2.5
OF,Rob Refsnyder (22240124),Rob Refsnyder,22240124,OF,2000,TOR@BOS 04/21/2022 01:35PM ET,BOS,0
2B,Gosuke Katoh (22240130),Gosuke Katoh,22240130,2B,2000,TOR@BOS 04/21/2022 01:35PM ET,TOR,0
C,Ronaldo Hernandez (22240141),Ronaldo Hernandez,22240141,C,2000,TOR@BOS 04/21/2022 01:35PM ET,BOS,0
C,Tyler Heineman (22240169),Tyler Heineman,22240169,C,2000,TOR@BOS 04/21/2022 01:35PM ET,TOR,0
C,Nathan Hickey (22240242),Nathan Hickey,22240242,C,2000,TOR@BOS 04/21/2022 01:35PM ET,BOS,0
3B,Alex Binelas (22240243),Alex Binelas,22240243,3B,2000,TOR@BOS 04/21/2022 01:35PM ET,BOS,0
3B,Nick Northcut (22240270),Nick Northcut,22240270,3B,2000,TOR@BOS 04/21/2022 01:35PM ET,BOS,0
OF,Christin Stewart (22240276),Christin Stewart,22240276,OF,2000,TOR@BOS 04/21/2022 01:35PM ET,BOS,0
2B/OF,Tyler McDonough (22240283),Tyler McDonough,22240283,2B/OF,2000,TOR@BOS 04/21/2022 01:35PM ET,BOS,0
OF,Dasan Brown (22240287),Dasan Brown,22240287,OF,2000,TOR@BOS 04/21/2022 01:35PM ET,TOR,0
3B,Hudson Potts (22240301),Hudson Potts,22240301,3B,2000,TOR@BOS 04/21/2022 01:35PM ET,BOS,0
SS,Brainer Bonaci (22240310),Brainer Bonaci,22240310,SS,2000,TOR@BOS 04/21/2022 01:35PM ET,BOS,0
2B,Otto Lopez (22240311),Otto Lopez,22240311,2B,2000,TOR@BOS 04/21/2022 01:35PM ET,TOR,0
SS,Cameron Cannon (22240312),Cameron Cannon,22240312,SS,2000,TOR@BOS 04/21/2022 01:35PM ET,BOS,0
SS,Marcelo Mayer (22240315),Marcelo Mayer,22240315,SS,2000,TOR@BOS 04/21/2022 01:35PM ET,BOS,0
2B/SS,Eric Stamets (22240316),Eric Stamets,22240316,2B/SS,2000,TOR@BOS 04/21/2022 01:35PM ET,TOR,0
SS,Rikelbin De Castro (22240325),Rikelbin De Castro,22240325,SS,2000,TOR@BOS 04/21/2022 01:35PM ET,TOR,0
SS,Leonardo Jimenez (22240328),Leonardo Jimenez,22240328,SS,2000,TOR@BOS 04/21/2022 01:35PM ET,TOR,0
SS,Logan Warmoth (22240337),Logan Warmoth,22240337,SS,2000,TOR@BOS 04/21/2022 01:35PM ET,TOR,0
1B,Greg Bird (22240349),Greg Bird,22240349,1B,2000,TOR@BOS 04/21/2022 01:35PM ET,TOR,0
OF,Mallex Smith (22240350),Mallex Smith,22240350,OF,2000,TOR@BOS 04/21/2022 01:35PM ET,TOR,0
SS,Jeter Downs (22240360),Jeter Downs,22240360,SS,2000,TOR@BOS 04/21/2022 01:35PM ET,BOS,0
C,Victor Mesia (22240368),Victor Mesia,22240368,C,2000,TOR@BOS 04/21/2022 01:35PM ET,TOR,0
2B,Nick Yorke (22240371),Nick Yorke,22240371,2B,2000,TOR@BOS 04/21/2022 01:35PM ET,BOS,0
SS,Matthew Lugo (22240374),Matthew Lugo,22240374,SS,2000,TOR@BOS 04/21/2022 01:35PM ET,BOS,0
1B,Roberto Ramos (22240378),Roberto Ramos,22240378,1B,2000,TOR@BOS 04/21/2022 01:35PM ET,BOS,0
SS,Orelvis Martinez (22240379),Orelvis Martinez,22240379,SS,2000,TOR@BOS 04/21/2022 01:35PM ET,TOR,0
2B/OF,Samad Taylor (22240380),Samad Taylor,22240380,2B/OF,2000,TOR@BOS 04/21/2022 01:35PM ET,TOR,0
1B,Triston Casas (22240382),Triston Casas,22240382,1B,2000,TOR@BOS 04/21/2022 01:35PM ET,BOS,0
2B/3B,Yolmer Sanchez (22240387),Yolmer Sanchez,22240387,2B/3B,2000,TOR@BOS 04/21/2022 01:35PM ET,BOS,0
SS,Manuel Beltre (22240393),Manuel Beltre,22240393,SS,2000,TOR@BOS 04/21/2022 01:35PM ET,TOR,0
3B,Brandon Howlett (22240399),Brandon Howlett,22240399,3B,2000,TOR@BOS 04/21/2022 01:35PM ET,BOS,0
OF,Gilberto Jimenez (22240406),Gilberto Jimenez,22240406,OF,2000,TOR@BOS 04/21/2022 01:35PM ET,BOS,0
OF,Nick Decker (22240407),Nick Decker,22240407,OF,2000,TOR@BOS 04/21/2022 01:35PM ET,BOS,0
3B,Miguel Hiraldo (22240410),Miguel Hiraldo,22240410,3B,2000,TOR@BOS 04/21/2022 01:35PM ET,TOR,0
SS,Jordan Groshans (22240417),Jordan Groshans,22240417,SS,2000,TOR@BOS 04/21/2022 01:35PM ET,TOR,0
1B/OF,Franchy Cordero (22240428),Franchy Cordero,22240428,1B/OF,2000,TOR@BOS 04/21/2022 01:35PM ET,BOS,0
OF,Josh Palacios (22240447),Josh Palacios,22240447,OF,2000,TOR@BOS 04/21/2022 01:35PM ET,TOR,0
OF,Cristian Pache (22240114),Cristian Pache,22240114,OF,2000,BAL@OAK 04/21/2022 03:37PM ET,OAK,4.83
OF,Ryan McKenna (22240126),Ryan McKenna,22240126,OF,2000,BAL@OAK 04/21/2022 03:37PM ET,BAL,0.25
2B/SS,Christian Lopes (22240144),Christian Lopes,22240144,2B/SS,2000,BAL@OAK 04/21/2022 03:37PM ET,OAK,0
C,Anthony Bemboom (22240154),Anthony Bemboom,22240154,C,2000,BAL@OAK 04/21/2022 03:37PM ET,BAL,1.5
3B/OF,Tyler Nevin (22240159),Tyler Nevin,22240159,3B/OF,2000,BAL@OAK 04/21/2022 03:37PM ET,BAL,0
OF,Skye Bolt (22240161),Skye Bolt,22240161,OF,2000,BAL@OAK 04/21/2022 03:37PM ET,OAK,0
2B,Nick Allen (22240165),Nick Allen,22240165,2B,2000,BAL@OAK 04/21/2022 03:37PM ET,OAK,0
1B,Christian Bethancourt (22240166),Christian Bethancourt,22240166,1B,2000,BAL@OAK 04/21/2022 03:37PM ET,OAK,5.8
OF,Drew Jackson (22240170),Drew Jackson,22240170,OF,2000,BAL@OAK 04/21/2022 03:37PM ET,OAK,0
SS,Logan Davidson (22240247),Logan Davidson,22240247,SS,2000,BAL@OAK 04/21/2022 03:37PM ET,OAK,0
SS,Jeremy Eierman (22240250),Jeremy Eierman,22240250,SS,2000,BAL@OAK 04/21/2022 03:37PM ET,OAK,0
OF,Colton Cowser (22240251),Colton Cowser,22240251,OF,2000,BAL@OAK 04/21/2022 03:37PM ET,BAL,0
SS,Joseph Ortiz (22240254),Joseph Ortiz,22240254,SS,2000,BAL@OAK 04/21/2022 03:37PM ET,BAL,0
3B,Rylan Bannon (22240255),Rylan Bannon,22240255,3B,2000,BAL@OAK 04/21/2022 03:37PM ET,BAL,0
OF,Vince Fernandez (22240259),Vince Fernandez,22240259,OF,2000,BAL@OAK 04/21/2022 03:37PM ET,OAK,0
1B/OF,Eric Thames (22240262),Eric Thames,22240262,1B/OF,2000,BAL@OAK 04/21/2022 03:37PM ET,OAK,0
SS,Max Muncy (22240275),Max Muncy,22240275,SS,2000,BAL@OAK 04/21/2022 03:37PM ET,OAK,0
1B,Jonah Bride (22240277),Jonah Bride,22240277,1B,2000,BAL@OAK 04/21/2022 03:37PM ET,OAK,0
SS,Maikol Hernandez (22240290),Maikol Hernandez,22240290,SS,2000,BAL@OAK 04/21/2022 03:37PM ET,BAL,0
OF,Hudson Haskin (22240300),Hudson Haskin,22240300,OF,2000,BAL@OAK 04/21/2022 03:37PM ET,BAL,0
OF,Buddy Reed (22240306),Buddy Reed,22240306,OF,2000,BAL@OAK 04/21/2022 03:37PM ET,OAK,0
SS,Jordan Westburg (22240318),Jordan Westburg,22240318,SS,2000,BAL@OAK 04/21/2022 03:37PM ET,BAL,0
C,Tyler Soderstrom (22240322),Tyler Soderstrom,22240322,C,2000,BAL@OAK 04/21/2022 03:37PM ET,OAK,0
SS,Adam Hall (22240324),Adam Hall,22240324,SS,2000,BAL@OAK 04/21/2022 03:37PM ET,BAL,0
2B,Connor Norby (22240326),Connor Norby,22240326,2B,2000,BAL@OAK 04/21/2022 03:37PM ET,BAL,0
3B,Jordan Diaz (22240340),Jordan Diaz,22240340,3B,2000,BAL@OAK 04/21/2022 03:37PM ET,OAK,0
2B,Terrin Vavra (22240343),Terrin Vavra,22240343,2B,2000,BAL@OAK 04/21/2022 03:37PM ET,BAL,0
OF,Kyle Stowers (22240359),Kyle Stowers,22240359,OF,2000,BAL@OAK 04/21/2022 03:37PM ET,BAL,0
C,Beau Taylor (22240369),Beau Taylor,22240369,C,2000,BAL@OAK 04/21/2022 03:37PM ET,BAL,0
SS,Gunnar Henderson (22240376),Gunnar Henderson,22240376,SS,2000,BAL@OAK 04/21/2022 03:37PM ET,BAL,0
C,Shea Langeliers (22240383),Shea Langeliers,22240383,C,2000,BAL@OAK 04/21/2022 03:37PM ET,OAK,0
OF,Yusniel Diaz (22240384),Yusniel Diaz,22240384,OF,2000,BAL@OAK 04/21/2022 03:37PM ET,BAL,0
3B,Coby Mayo (22240408),Coby Mayo,22240408,3B,2000,BAL@OAK 04/21/2022 03:37PM ET,BAL,0
C,Kyle McCann (22240412),Kyle McCann,22240412,C,2000,BAL@OAK 04/21/2022 03:37PM ET,OAK,0
3B,Zack Gelof (22240414),Zack Gelof,22240414,3B,2000,BAL@OAK 04/21/2022 03:37PM ET,OAK,0
1B/C,Jacob Nottingham (22240420),Jacob Nottingham,22240420,C/1B,2000,BAL@OAK 04/21/2022 03:37PM ET,BAL,0
SS,Richie Martin (22240442),Richie Martin,22240442,SS,2000,BAL@OAK 04/21/2022 03:37PM ET,BAL,0
2B/SS,Vimael Machin (22240448),Vimael Machin,22240448,2B/SS,2000,BAL@OAK 04/21/2022 03:37PM ET,OAK,0
2B/3B,Matt Reynolds (22240133),Matt Reynolds,22240133,2B/3B,2000,SF@NYM 04/21/2022 01:10PM ET,NYM,0
OF,Nick Plummer (22240135),Nick Plummer,22240135,OF,2000,SF@NYM 04/21/2022 01:10PM ET,NYM,0
2B/SS,Harold Castro (22240120),Harold Castro,22240120,2B/SS,2000,NYY@DET 04/21/2022 01:10PM ET,DET,4
OF/SS,Willi Castro (22240127),Willi Castro,22240127,SS/OF,2000,NYY@DET 04/21/2022 01:10PM ET,DET,3.5
OF,Everson Pereira (22240131),Everson Pereira,22240131,OF,2000,NYY@DET 04/21/2022 01:10PM ET,NYY,0
2B/SS,Oswaldo Cabrera (22240137),Oswaldo Cabrera,22240137,2B/SS,2000,NYY@DET 04/21/2022 01:10PM ET,NYY,0
1B/OF,Miguel Andujar (22240148),Miguel Andujar,22240148,1B/OF,2000,NYY@DET 04/21/2022 01:10PM ET,NYY,0
OF,Estevan Florial (22240152),Estevan Florial,22240152,OF,2000,NYY@DET 04/21/2022 01:10PM ET,NYY,0
C,Ben Rortvedt (22240162),Ben Rortvedt,22240162,C,2000,NYY@DET 04/21/2022 01:10PM ET,NYY,0
OF,Tim Locastro (22240168),Tim Locastro,22240168,OF,2000,NYY@DET 04/21/2022 01:10PM ET,NYY,1
3B/SS,Izaac Pacheco (22240244),Izaac Pacheco,22240244,3B/SS,2000,NYY@DET 04/21/2022 01:10PM ET,DET,0
SS,Trei Cruz (22240253),Trei Cruz,22240253,SS,2000,NYY@DET 04/21/2022 01:10PM ET,DET,0
SS,Anthony Volpe (22240260),Anthony Volpe,22240260,SS,2000,NYY@DET 04/21/2022 01:10PM ET,NYY,0
OF,Michael Beltre (22240261),Michael Beltre,22240261,OF,2000,NYY@DET 04/21/2022 01:10PM ET,NYY,0
3B/SS,Gage Workman (22240281),Gage Workman,22240281,3B/SS,2000,NYY@DET 04/21/2022 01:10PM ET,DET,0
3B,Kody Clemens (22240288),Kody Clemens,22240288,3B,2000,NYY@DET 04/21/2022 01:10PM ET,DET,0
SS,Oswald Peraza (22240292),Oswald Peraza,22240292,SS,2000,NYY@DET 04/21/2022 01:10PM ET,NYY,0
OF,Ryder Green (22240295),Ryder Green,22240295,OF,2000,NYY@DET 04/21/2022 01:10PM ET,NYY,0
SS,Ryan Kreidler (22240297),Ryan Kreidler,22240297,SS,2000,NYY@DET 04/21/2022 01:10PM ET,DET,0
SS,Trey Sweeney (22240302),Trey Sweeney,22240302,SS,2000,NYY@DET 04/21/2022 01:10PM ET,NYY,0
OF,Daniel Cabrera (22240303),Daniel Cabrera,22240303,OF,2000,NYY@DET 04/21/2022 01:10PM ET,DET,0
3B,Colt Keith (22240307),Colt Keith,22240307,3B,2000,NYY@DET 04/21/2022 01:10PM ET,DET,0
OF,Parker Meadows (22240309),Parker Meadows,22240309,OF,2000,NYY@DET 04/21/2022 01:10PM ET,DET,0
C,Josh Breaux (22240332),Josh Breaux,22240332,C,2000,NYY@DET 04/21/2022 01:10PM ET,NYY,0
OF,Roberto Campos (22240335),Roberto Campos,22240335,OF,2000,NYY@DET 04/21/2022 01:10PM ET,DET,0
C,Max McDowell (22240338),Max McDowell,22240338,C,2000,NYY@DET 04/21/2022 01:10PM ET,NYY,0
SS,Abel Bastidas (22240339),Abel Bastidas,22240339,SS,2000,NYY@DET 04/21/2022 01:10PM ET,DET,0
C,Chris Rabago (22240345),Chris Rabago,22240345,C,2000,NYY@DET 04/21/2022 01:10PM ET,DET,0
OF,Riley Greene (22240354),Riley Greene,22240354,OF,2000,NYY@DET 04/21/2022 01:10PM ET,DET,0
OF,Jeisson Rosario (22240366),Jeisson Rosario,22240366,OF,2000,NYY@DET 04/21/2022 01:10PM ET,NYY,0
C,Rodolfo Duran (22240377),Rodolfo Duran,22240377,C,2000,NYY@DET 04/21/2022 01:10PM ET,NYY,0
2B,Luis Carpio (22240389),Luis Carpio,22240389,2B,2000,NYY@DET 04/21/2022 01:10PM ET,DET,0
OF,Blake Perkins (22240397),Blake Perkins,22240397,OF,2000,NYY@DET 04/21/2022 01:10PM ET,NYY,0
SS,Cristian Santana (22240401),Cristian Santana,22240401,SS,2000,NYY@DET 04/21/2022 01:10PM ET,DET,0
C,Dillon Dingler (22240402),Dillon Dingler,22240402,C,2000,NYY@DET 04/21/2022 01:10PM ET,DET,0
C,Austin Wells (22240404),Austin Wells,22240404,C,2000,NYY@DET 04/21/2022 01:10PM ET,NYY,0
SS,Alexander Vargas (22240409),Alexander Vargas,22240409,SS,2000,NYY@DET 04/21/2022 01:10PM ET,NYY,0
C,Ryan Lavarnway (22240422),Ryan Lavarnway,22240422,C,2000,NYY@DET 04/21/2022 01:10PM ET,DET,0
2B/3B,Isaac Paredes (22240423),Isaac Paredes,22240423,2B/3B,2000,NYY@DET 04/21/2022 01:10PM ET,DET,0
1B,Ronald Guzman (22240425),Ronald Guzman,22240425,1B,2000,NYY@DET 04/21/2022 01:10PM ET,NYY,0
2B/3B,Jose Peraza (22240426),Jose Peraza,22240426,2B/3B,2000,NYY@DET 04/21/2022 01:10PM ET,NYY,0
C,Rob Brantly (22240434),Rob Brantly,22240434,C,2000,NYY@DET 04/21/2022 01:10PM ET,NYY,0
3B/OF,Phillip Evans (22240435),Phillip Evans,22240435,3B/OF,2000,NYY@DET 04/21/2022 01:10PM ET,NYY,0
SS,Zack Short (22240437),Zack Short,22240437,SS,2000,NYY@DET 04/21/2022 01:10PM ET,DET,0
OF,Ender Inciarte (22240441),Ender Inciarte,22240441,OF,2000,NYY@DET 04/21/2022 01:10PM ET,NYY,0
OF,Ryan LaMarre (22240446),Ryan LaMarre,22240446,OF,2000,NYY@DET 04/21/2022 01:10PM ET,NYY,0
OF,Jacob Robson (22240451),Jacob Robson,22240451,OF,2000,NYY@DET 04/21/2022 01:10PM ET,DET,0
OF,Trevor Larnach (22240118),Trevor Larnach,22240118,OF,2000,MIN@KC 04/21/2022 02:10PM ET,MIN,3.71
C,Ryan Jeffers (22240129),Ryan Jeffers,22240129,C,2000,MIN@KC 04/21/2022 02:10PM ET,MIN,2.22
SS,Maikel Garcia (22240136),Maikel Garcia,22240136,SS,2000,MIN@KC 04/21/2022 02:10PM ET,KC,0
3B,Jose Miranda (22240142),Jose Miranda,22240142,3B,2000,MIN@KC 04/21/2022 02:10PM ET,MIN,0
3B,Emmanuel Rivera (22240146),Emmanuel Rivera,22240146,3B,2000,MIN@KC 04/21/2022 02:10PM ET,KC,0
OF,Kyle Garlick (22240147),Kyle Garlick,22240147,OF,2000,MIN@KC 04/21/2022 02:10PM ET,MIN,3.8
OF,Ryan O'Hearn (22240150),Ryan O'Hearn,22240150,OF,2000,MIN@KC 04/21/2022 02:10PM ET,KC,0.67
C,Cam Gallagher (22240151),Cam Gallagher,22240151,C,2000,MIN@KC 04/21/2022 02:10PM ET,KC,3
OF,Kyle Isbel (22240155),Kyle Isbel,22240155,OF,2000,MIN@KC 04/21/2022 02:10PM ET,KC,1
OF,Edward Olivares (22240156),Edward Olivares,22240156,OF,2000,MIN@KC 04/21/2022 02:10PM ET,KC,1.67
OF,Gilberto Celestino (22240167),Gilberto Celestino,22240167,OF,2000,MIN@KC 04/21/2022 02:10PM ET,MIN,1.83
C,Caleb Hamilton (22240239),Caleb Hamilton,22240239,C,2000,MIN@KC 04/21/2022 02:10PM ET,MIN,0
2B/3B,Ivan Castillo (22240240),Ivan Castillo,22240240,2B/3B,2000,MIN@KC 04/21/2022 02:10PM ET,KC,0
C,MJ Melendez (22240246),MJ Melendez,22240246,C,2000,MIN@KC 04/21/2022 02:10PM ET,KC,0
SS,Kevin Merrell (22240258),Kevin Merrell,22240258,SS,2000,MIN@KC 04/21/2022 02:10PM ET,MIN,0
3B/SS,Elliot Soto (22240265),Elliot Soto,22240265,3B/SS,2000,MIN@KC 04/21/2022 02:10PM ET,MIN,0
C,Tomas Telis (22240267),Tomas Telis,22240267,C,2000,MIN@KC 04/21/2022 02:10PM ET,MIN,0
SS,Royce Lewis (22240269),Royce Lewis,22240269,SS,2000,MIN@KC 04/21/2022 02:10PM ET,MIN,0
SS,Wander Javier (22240271),Wander Javier,22240271,SS,2000,MIN@KC 04/21/2022 02:10PM ET,MIN,0
OF,Brewer Hicklen (22240278),Brewer Hicklen,22240278,OF,2000,MIN@KC 04/21/2022 02:10PM ET,KC,0
2B/OF,Alerick Soularie (22240279),Alerick Soularie,22240279,2B/OF,2000,MIN@KC 04/21/2022 02:10PM ET,MIN,0
SS,Noah Miller (22240291),Noah Miller,22240291,SS,2000,MIN@KC 04/21/2022 02:10PM ET,MIN,0
1B,Aaron Sabato (22240293),Aaron Sabato,22240293,1B,2000,MIN@KC 04/21/2022 02:10PM ET,MIN,0
SS,Tim Beckham (22240294),Tim Beckham,22240294,SS,2000,MIN@KC 04/21/2022 02:10PM ET,MIN,0
C,Freddy Fermin (22240304),Freddy Fermin,22240304,C,2000,MIN@KC 04/21/2022 02:10PM ET,KC,0
OF,Derek Fisher (22240323),Derek Fisher,22240323,OF,2000,MIN@KC 04/21/2022 02:10PM ET,MIN,0
3B,Andrew Bechtold (22240327),Andrew Bechtold,22240327,3B,2000,MIN@KC 04/21/2022 02:10PM ET,MIN,0
1B,Vinnie Pasquantino (22240331),Vinnie Pasquantino,22240331,1B,2000,MIN@KC 04/21/2022 02:10PM ET,KC,0
C,Carter Jensen (22240341),Carter Jensen,22240341,C,2000,MIN@KC 04/21/2022 02:10PM ET,KC,0
OF,Austin Martin (22240342),Austin Martin,22240342,OF,2000,MIN@KC 04/21/2022 02:10PM ET,MIN,0
2B/SS,Tzu-Wei Lin (22240352),Tzu-Wei Lin,22240352,2B/SS,2000,MIN@KC 04/21/2022 02:10PM ET,MIN,0
OF,Aaron Whitefield (22240365),Aaron Whitefield,22240365,OF,2000,MIN@KC 04/21/2022 02:10PM ET,MIN,0
2B,Peyton Wilson (22240367),Peyton Wilson,22240367,2B,2000,MIN@KC 04/21/2022 02:10PM ET,KC,0
OF,Matt Wallner (22240373),Matt Wallner,22240373,OF,2000,MIN@KC 04/21/2022 02:10PM ET,MIN,0
OF,Seuly Matias (22240375),Seuly Matias,22240375,OF,2000,MIN@KC 04/21/2022 02:10PM ET,KC,0
1B,Nick Pratto (22240395),Nick Pratto,22240395,1B,2000,MIN@KC 04/21/2022 02:10PM ET,KC,0
SS,Daniel Vazquez (22240403),Daniel Vazquez,22240403,SS,2000,MIN@KC 04/21/2022 02:10PM ET,KC,0
OF,Emmanuel Rodriguez (22240416),Emmanuel Rodriguez,22240416,OF,2000,MIN@KC 04/21/2022 02:10PM ET,MIN,0
OF,JaCoby Jones (22240430),JaCoby Jones,22240430,OF,2000,MIN@KC 04/21/2022 02:10PM ET,KC,0
C,Jose Godoy (22240443),Jose Godoy,22240443,C,2000,MIN@KC 04/21/2022 02:10PM ET,MIN,0
1B,Curtis Terry (22240445),Curtis Terry,22240445,1B,2000,MIN@KC 04/21/2022 02:10PM ET,MIN,0
C,Sebastian Rivero (22240452),Sebastian Rivero,22240452,C,2000,MIN@KC 04/21/2022 02:10PM ET,KC,0
