Id,Position,First Name,Nickname,Last Name,FPPG,Played,Salary,Game,Team,Opponent,Injury Indicator,Injury Details,Tier,Probable Pitcher,Batting Order,Roster Position
89593-16956,P,Gerrit,Gerrit Cole,Cole,53,4,11400,TOR@NYY,NYY,TOR,,,,Yes,,P
89593-101810,P,Justin,Justin Steele,Steele,42.25,5,11300,LAD@CHC,CHC,LAD,,,,,0,P
89593-38000,P,Kevin,Kevin Gausman,Gausman,38,4,11100,TOR@NYY,TOR,NYY,,,,,0,P
89593-39041,P,Marcus,Marcus Stroman,Stroman,42.25,4,11000,LAD@CHC,CHC,LAD,,,,,0,P
89593-119430,P,Joe,Joe Ryan,Ryan,42.75,5,11000,WSH@MIN,MIN,WSH,,,,,0,P
89593-52166,P,Julio,Julio Urias,Urias,34.2,5,11000,LAD@CHC,LAD,CHC,,,,,,P
89593-79162,P,Luis,Luis Castillo,Castillo,42.5,4,11000,STL@SEA,SEA,STL,,,,Yes,,P
89593-85476,P,Jeffrey,Jeffrey Springs,Springs,45.666666666666664,4,11000,CWS@TB,TB,CWS,IL,Elbow,,,,P
89593-182153,P,Kodai,Kodai Senga,Senga,32.5,5,11000,NYM@SF,NYM,SF,,,,,,P
89593-102407,P,Shane,Shane McClanahan,McClanahan,43.5,4,10800,CWS@TB,TB,CWS,,,,Yes,,P
89593-162445,P,Spencer,Spencer Strider,Strider,44,5,10800,HOU@ATL,ATL,HOU,,,,,,P
89593-165508,P,Graham,Graham Ashcraft,Ashcraft,36,4,10800,CIN@PIT,CIN,PIT,,,,,,P
89593-119361,P,Drew,Drew Rasmussen,Rasmussen,39,5,10700,CWS@TB,TB,CWS,,,,,,P
89593-5202,P,Justin,Justin Verlander,Verlander,40.0625,32,10700,NYM@SF,NYM,SF,IL,Shoulder,,,,P
89593-53607,P,Anthony,Anthony DeSclafani,DeSclafani,33,5,10600,NYM@SF,SF,NYM,,,,,,P
89593-79091,P,Dylan,Dylan Cease,Cease,39.75,4,10600,CWS@TB,CWS,TB,,,,Yes,,P
89593-52859,P,Jacob,Jacob deGrom,deGrom,37,4,10600,OAK@TEX,TEX,OAK,DTD,Wrist,,,,P
89593-82775,P,Nestor,Nestor Cortes,Cortes,34.5,5,10500,TOR@NYY,NYY,TOR,,,,,0,P
89593-83152,P,Pablo,Pablo Lopez,Lopez,45,4,10500,WSH@MIN,MIN,WSH,,,,Yes,,P
89593-119329,P,Nick,Nick Lodolo,Lodolo,34.5,4,10400,CIN@PIT,CIN,PIT,,,,,,P
89593-83190,P,Freddy,Freddy Peralta,Peralta,31.75,5,10400,BOS@MIL,MIL,BOS,,,,,,P
89593-79280,P,Jesus,Jesus Luzardo,Luzardo,36.5,5,10400,MIA@CLE,MIA,CLE,,,,,,P
89593-80582,P,Brandon,Brandon Woodruff,Woodruff,38.5,3,10200,BOS@MIL,MIL,BOS,IL,Shoulder,,,,P
89593-60633,P,Carlos,Carlos Rodon,Rodon,39.41935483870968,31,10200,TOR@NYY,NYY,TOR,IL,Back,,,0,P
89593-5481,P,Max,Max Scherzer,Scherzer,25.25,4,10200,NYM@SF,NYM,SF,NA,Suspension,,,,P
89593-79245,P,Sandy,Sandy Alcantara,Alcantara,25.75,4,10200,MIA@CLE,MIA,CLE,,,,Yes,,P
89593-82604,P,Corbin,Corbin Burnes,Burnes,24.75,4,10000,BOS@MIL,MIL,BOS,,,,,,P
89593-52185,P,Max,Max Fried,Fried,23,2,10000,HOU@ATL,ATL,HOU,,,,,,P
89593-85251,P,Zac,Zac Gallen,Gallen,42.8,5,10000,SD@ARI,ARI,SD,,,,,,P
89593-5427,P,Clayton,Clayton Kershaw,Kershaw,40.5,4,10000,LAD@CHC,LAD,CHC,,,,,,P
89593-85599,P,Framber,Framber Valdez,Valdez,38.25,4,10000,HOU@ATL,HOU,ATL,,,,Yes,,P
89593-70559,P,Mike,Mike Clevinger,Clevinger,24.5,4,9900,CWS@TB,CWS,TB,,,,,,P
89593-68523,P,Joe,Joe Musgrove,Musgrove,35.39393939393939,33,9900,SD@ARI,SD,ARI,IL,Toe,,Yes,,P
89593-53029,P,Robbie,Robbie Ray,Ray,10,1,9900,STL@SEA,SEA,STL,IL,Elbow,,,,P
89593-102335,P,Cristian,Cristian Javier,Javier,28,4,9900,HOU@ATL,HOU,ATL,,,,,,P
89593-82554,P,Shane,Shane Bieber,Bieber,31.75,4,9800,MIA@CLE,CLE,MIA,,,,Yes,,P
89593-17064,P,Sonny,Sonny Gray,Gray,38.5,5,9800,WSH@MIN,MIN,WSH,,,,,0,P
89593-82635,P,MacKenzie,MacKenzie Gore,Gore,33.5,5,9800,WSH@MIN,WSH,MIN,,,,,,P
89593-68452,P,Kenta,Kenta Maeda,Maeda,19,4,9800,WSH@MIN,MIN,WSH,DTD,Ankle,,,0,P
89593-79118,P,Triston,Triston McKenzie,McKenzie,34.6764705882353,34,9800,MIA@CLE,CLE,MIA,IL,Shoulder,,,,P
89593-71034,P,Seth,Seth Lugo,Lugo,35,4,9800,SD@ARI,SD,ARI,,,,,,P
89593-16960,P,Zack,Zack Wheeler,Wheeler,27,4,9700,COL@PHI,PHI,COL,,,,,0,P
89593-60644,P,Luis,Luis Severino,Severino,31.38095238095238,21,9700,TOR@NYY,NYY,TOR,IL,Lat,,,0,P
89593-102396,P,Logan,Logan Gilbert,Gilbert,34.75,4,9700,STL@SEA,SEA,STL,,,,,,P
89593-11328,P,Martin,Martin Perez,Perez,28.75,4,9600,OAK@TEX,TEX,OAK,,,,,,P
89593-146664,P,Bryce,Bryce Elder,Elder,38.75,4,9600,HOU@ATL,ATL,HOU,,,,,,P
89593-101839,P,Logan,Logan Webb,Webb,30,4,9600,NYM@SF,SF,NYM,,,,Yes,,P
89593-82557,P,Aaron,Aaron Civale,Civale,30,2,9500,MIA@CLE,CLE,MIA,IL,Oblique,,,,P
89593-119441,P,Alek,Alek Manoah,Manoah,17.75,4,9500,TOR@NYY,TOR,NYY,,,,Yes,,P
89593-52183,P,Tyler,Tyler Glasnow,Glasnow,25.666666666666668,3,9500,CWS@TB,TB,CWS,IL,Oblique,,,,P
89593-79853,P,Jordan,Jordan Montgomery,Montgomery,27,4,9500,STL@SEA,STL,SEA,,,,,,P
89593-135229,P,Reid,Reid Detmers,Detmers,28.333333333333332,3,9400,KC@LAA,LAA,KC,,,,,,P
89593-102498,P,Patrick,Patrick Sandoval,Sandoval,22.5,4,9400,KC@LAA,LAA,KC,,,,,,P
89593-79217,P,Mitch,Mitch Keller,Keller,34.2,5,9400,CIN@PIT,PIT,CIN,,,,,,P
89593-16931,P,Yu,Yu Darvish,Darvish,32.666666666666664,3,9300,SD@ARI,SD,ARI,,,,,,P
89593-119426,P,Johan,Johan Oviedo,Oviedo,38.5,4,9300,CIN@PIT,PIT,CIN,,,,,,P
89593-68482,P,Zach,Zach Eflin,Eflin,36.5,3,9300,CWS@TB,TB,CWS,IL,Back,,,,P
89593-60647,P,Aaron,Aaron Nola,Nola,23.6,5,9300,COL@PHI,PHI,COL,,,,,0,P
89593-82594,P,Dustin,Dustin May,May,25.25,4,9200,LAD@CHC,LAD,CHC,,,,Yes,,P
89593-102343,P,Tony,Tony Gonsolin,Gonsolin,31.96,25,9200,LAD@CHC,LAD,CHC,IL,Ankle,,,,P
89593-82607,P,Trevor,Trevor Rogers,Rogers,24.25,5,9100,MIA@CLE,MIA,CLE,IL,Biceps,,,,P
89593-13233,P,Nathan,Nathan Eovaldi,Eovaldi,28.5,4,9100,OAK@TEX,TEX,OAK,,,,,,P
89593-146687,P,Hunter,Hunter Brown,Brown,34.5,4,9100,HOU@ATL,HOU,ATL,,,,,,P
89593-72265,P,Matt,Matt Strahm,Strahm,24.6,5,9000,COL@PHI,PHI,COL,,,,,0,P
89593-12936,P,Kyle,Kyle Gibson,Gibson,25.75,4,9000,DET@BAL,BAL,DET,,,,Yes,,P
89593-79109,P,Tyler,Tyler Mahle,Mahle,29.25,5,9000,WSH@MIN,MIN,WSH,,,,,0,P
89593-5466,P,Charlie,Charlie Morton,Morton,28.5,5,9000,HOU@ATL,ATL,HOU,,,,,,P
89593-165698,P,Taj,Taj Bradley,Bradley,42.5,2,9000,CWS@TB,TB,CWS,,,,,,P
89593-52167,P,Andrew,Andrew Heaney,Heaney,23.666666666666668,3,8900,OAK@TEX,TEX,OAK,,,,Yes,,P
89593-82550,P,Hunter,Hunter Greene,Greene,25.75,4,8800,CIN@PIT,CIN,PIT,,,,,,P
89593-52155,P,Jon,Jon Gray,Gray,22.25,4,8800,OAK@TEX,TEX,OAK,,,,,,P
89593-79072,P,Brad,Brad Keller,Keller,28,5,8800,KC@LAA,KC,LAA,,,,,,P
89593-79226,P,Eric,Eric Lauer,Lauer,29.75,5,8800,BOS@MIL,MIL,BOS,,,,,,P
89593-12972,P,Wade,Wade Miley,Miley,35.666666666666664,4,8700,BOS@MIL,MIL,BOS,,,,Yes,,P
89593-52159,P,Lance,Lance McCullers Jr.,McCullers Jr.,34.09090909090909,11,8700,HOU@ATL,HOU,ATL,IL,Forearm,,,,P
89593-37999,P,Michael,Michael Wacha,Wacha,20.75,4,8700,SD@ARI,SD,ARI,,,,,,P
89593-83157,P,Ranger,Ranger Suarez,Suarez,25.205882352941178,34,8700,COL@PHI,PHI,COL,IL,Forearm,,,0,P
89593-65987,P,Domingo,Domingo German,German,28.75,5,8600,TOR@NYY,NYY,TOR,,,,,0,P
89593-13123,P,Alex,Alex Cobb,Cobb,27.5,5,8600,NYM@SF,SF,NYM,,,,,,P
89593-52165,P,Sean,Sean Manaea,Manaea,16,5,8600,NYM@SF,SF,NYM,,,,,,P
89593-38246,P,Tyler,Tyler Anderson,Anderson,17,3,8600,KC@LAA,LAA,KC,,,,Yes,,P
89593-119414,P,George,George Kirby,Kirby,29,4,8500,STL@SEA,SEA,STL,,,,,,P
89593-11354,P,Lance,Lance Lynn,Lynn,24.5,4,8500,CWS@TB,CWS,TB,,,,,,P
89593-38028,P,Alex,Alex Wood,Wood,19,4,8500,NYM@SF,SF,NYM,IL,Hamstring,,,,P
89593-5431,P,Adam,Adam Wainwright,Wainwright,28.03125,32,8500,STL@SEA,STL,SEA,IL,Groin,,,,P
89593-102376,P,Garrett,Garrett Whitlock,Whitlock,29,2,8500,BOS@MIL,BOS,MIL,,,,Yes,,P
89593-135212,P,Luis,Luis Garcia,Garcia,27.25,4,8400,HOU@ATL,HOU,ATL,,,,,,P
89593-164497,P,Ryne,Ryne Nelson,Nelson,21.5,4,8400,SD@ARI,ARI,SD,,,,,,P
89593-154714,P,Tylor,Tylor Megill,Megill,28.75,4,8400,NYM@SF,NYM,SF,,,,,,P
89593-101881,P,Merrill,Merrill Kelly,Kelly,28.5,4,8400,SD@ARI,ARI,SD,,,,Yes,,P
89593-102515,P,Aaron,Aaron Ashby,Ashby,20.925925925925927,27,8300,BOS@MIL,MIL,BOS,IL,Shoulder,,,,P
89593-79246,P,Jack,Jack Flaherty,Flaherty,25,4,8300,STL@SEA,STL,SEA,,,,,,P
89593-102001,P,Yusei,Yusei Kikuchi,Kikuchi,30.75,4,8300,TOR@NYY,TOR,NYY,,,,,0,P
89593-163700,P,Kyle,Kyle Bradish,Bradish,28.5,3,8300,DET@BAL,BAL,DET,,,,,,P
89593-102294,P,Grayson,Grayson Rodriguez,Rodriguez,22.333333333333332,3,8300,DET@BAL,BAL,DET,,,,,,P
89593-82535,P,Kyle,Kyle Wright,Wright,17.5,2,8200,HOU@ATL,ATL,HOU,,,,Yes,,P
89593-21099,P,Jose,Jose Quintana,Quintana,25.545454545454547,33,8200,NYM@SF,NYM,SF,IL,Ribs,,,,P
89593-52172,P,Noah,Noah Syndergaard,Syndergaard,24.75,4,8200,LAD@CHC,LAD,CHC,,,,,,P
89593-52198,P,Lucas,Lucas Giolito,Giolito,29,4,8200,CWS@TB,CWS,TB,,,,,,P
89593-110822,P,Jose,Jose Urquidy,Urquidy,24,4,8100,HOU@ATL,HOU,ATL,,,,,,P
89593-145922,P,Tyler,Tyler Wells,Wells,25.25,5,8100,DET@BAL,BAL,DET,,,,,,P
89593-82540,P,Tanner,Tanner Houck,Houck,30.25,5,8100,BOS@MIL,BOS,MIL,,,,,,P
89593-79951,P,Nick,Nick Pivetta,Pivetta,26,5,8000,BOS@MIL,BOS,MIL,,,,,,P
89593-21097,P,Taijuan,Taijuan Walker,Walker,27,4,8000,COL@PHI,PHI,COL,,,,,0,P
89593-82618,P,David,David Peterson,Peterson,23,5,8000,NYM@SF,NYM,SF,,,,Yes,,P
89593-5498,P,Johnny,Johnny Cueto,Cueto,-9,2,8000,MIA@CLE,MIA,CLE,IL,Biceps,,,,P
89593-38311,P,Ross,Ross Stripling,Stripling,11.5,5,8000,NYM@SF,SF,NYM,,,,,,P
89593-102330,P,Kris,Kris Bubic,Bubic,26.333333333333332,4,8000,KC@LAA,KC,LAA,IL,Elbow,,,,P
89593-63781,P,Frankie,Frankie Montas,Montas,26.321428571428573,28,7900,TOR@NYY,NYY,TOR,IL,Shoulder,,,0,P
89593-119299,P,Drey,Drey Jameson,Jameson,18.6,5,7900,SD@ARI,ARI,SD,,,,,,P
89593-119340,P,Tarik,Tarik Skubal,Skubal,30.857142857142858,21,7900,DET@BAL,DET,BAL,IL,Elbow,,,,P
89593-60632,P,Kyle,Kyle Freeland,Freeland,24.25,4,7900,COL@PHI,COL,PHI,,,,Yes,,P
89593-163670,P,Cody,Cody Morris,Morris,18.375,8,7900,MIA@CLE,CLE,MIA,IL,Lat,,,,P
89593-16961,P,Jameson,Jameson Taillon,Taillon,23,4,7800,LAD@CHC,CHC,LAD,IL,Groin,,,0,P
89593-52174,P,Steven,Steven Matz,Matz,22.5,4,7800,STL@SEA,STL,SEA,,,,,,P
89593-64488,P,Colin,Colin Rea,Rea,20.5,2,7800,BOS@MIL,MIL,BOS,,,,,,P
89593-60639,P,Jose,Jose Berrios,Berrios,23.25,4,7800,TOR@NYY,TOR,NYY,,,,,0,P
89593-79168,P,Walker,Walker Buehler,Buehler,27.5,12,7800,LAD@CHC,LAD,CHC,IL,Elbow,,,,P
89593-163693,P,Adam,Adam Oller,Oller,3.4,5,7800,OAK@TEX,OAK,TEX,,,,,,P
89593-12477,P,Chris,Chris Sale,Sale,26.5,5,7700,BOS@MIL,BOS,MIL,,,,,,P
89593-17121,P,Miles,Miles Mikolas,Mikolas,15.75,4,7700,STL@SEA,STL,SEA,,,,Yes,,P
89593-101838,P,JT,JT Brubaker,Brubaker,24.928571428571427,28,7700,CIN@PIT,PIT,CIN,IL,Elbow,,,,P
89593-102502,P,Josiah,Josiah Gray,Gray,22.5,5,7600,WSH@MIN,WSH,MIN,,,,,,P
89593-52190,P,Marco,Marco Gonzales,Gonzales,28,3,7600,STL@SEA,SEA,STL,,,,,,P
89593-85269,P,Cole,Cole Irvin,Irvin,10.666666666666666,4,7600,DET@BAL,BAL,DET,,,,,,P
89593-79161,P,Braxton,Braxton Garrett,Garrett,21.333333333333332,4,7600,MIA@CLE,MIA,CLE,,,,,,P
89593-5522,P,Zack,Zack Greinke,Greinke,23,4,7600,KC@LAA,KC,LAA,,,,Yes,,P
89593-6266,P,Carlos,Carlos Carrasco,Carrasco,8.666666666666666,4,7500,NYM@SF,NYM,SF,IL,Elbow,,,,P
89593-21098,P,James,James Paxton,Paxton,,,7500,BOS@MIL,BOS,MIL,IL,Hamstring,,,,P
89593-164511,P,Dylan,Dylan Dodd,Dodd,14,2,7500,HOU@ATL,ATL,HOU,,,,,,P
89593-79133,P,Matt,Matt Manning,Manning,22,3,7500,DET@BAL,DET,BAL,IL,Foot,,,,P
89593-165520,P,Peyton,Peyton Battenfield,Battenfield,27,2,7500,MIA@CLE,CLE,MIA,,,,,,P
89593-135221,P,Cade,Cade Cavalli,Cavalli,10,1,7400,WSH@MIN,WSH,MIN,IL,Elbow,,,,P
89593-53590,P,Nick,Nick Martinez,Martinez,26.5,4,7400,SD@ARI,SD,ARI,,,,,,P
89593-12929,P,Jordan,Jordan Lyles,Lyles,25.25,5,7400,KC@LAA,KC,LAA,,,,,,P
89593-68488,P,Blake,Blake Snell,Snell,20.25,4,7400,SD@ARI,SD,ARI,,,,,,P
89593-163675,P,Noah,Noah Davis,Davis,28,2,7400,COL@PHI,COL,PHI,,,,,0,P
89593-145625,P,Bailey,Bailey Falter,Falter,18.25,4,7300,COL@PHI,PHI,COL,,,,,0,P
89593-135647,P,Ryan,Ryan Pepiot,Pepiot,23.88888888888889,9,7300,LAD@CHC,LAD,CHC,IL,Oblique,,,,P
89593-119391,P,Roansy,Roansy Contreras,Contreras,27.25,4,7300,CIN@PIT,PIT,CIN,,,,,,P
89593-162419,P,Matt,Matt Brash,Brash,5.909090909090909,11,7300,STL@SEA,SEA,STL,,,,,,P
89593-97300,P,John,John Means,Means,18,2,7300,DET@BAL,BAL,DET,IL,Elbow,,,,P
89593-79172,P,Luis,Luis Ortiz,Ortiz,7,3,7300,COL@PHI,PHI,COL,,,,,0,P
89593-79390,P,Michael,Michael Kopech,Kopech,21.75,4,7300,CWS@TB,CWS,TB,,,,,,P
89593-5983,P,Rich,Rich Hill,Hill,20.75,4,7300,CIN@PIT,PIT,CIN,,,,Yes,,P
89593-102344,P,Brady,Brady Singer,Singer,17.25,5,7300,KC@LAA,KC,LAA,,,,,,P
89593-53398,P,Kyle,Kyle Hendricks,Hendricks,22.25,16,7200,LAD@CHC,CHC,LAD,IL,Shoulder,,,0,P
89593-73880,P,German,German Marquez,Marquez,26.666666666666668,3,7200,COL@PHI,COL,PHI,IL,Forearm,,,0,P
89593-53067,P,Chris,Chris Bassitt,Bassitt,25.25,4,7200,TOR@NYY,TOR,NYY,,,,,0,P
89593-102458,P,Kutter,Kutter Crawford,Crawford,22.75,6,7100,BOS@MIL,BOS,MIL,,,,,,P
89593-82582,P,Griffin,Griffin Canning,Canning,21.5,2,7100,KC@LAA,LAA,KC,,,,,,P
89593-52142,P,Eduardo,Eduardo Rodriguez,Rodriguez,29.75,4,7100,DET@BAL,DET,BAL,,,,,,P
89593-11327,P,Matt,Matt Bush,Bush,4.625,9,7100,BOS@MIL,MIL,BOS,,,,,,P
89593-163685,P,JP,JP Sears,Sears,25.5,4,7100,OAK@TEX,OAK,TEX,,,,,,P
89593-82599,P,Edward,Edward Cabrera,Cabrera,23.25,5,7000,MIA@CLE,MIA,CLE,,,,,,P
89593-17116,P,Jake,Jake Odorizzi,Odorizzi,21.130434782608695,23,7000,OAK@TEX,TEX,OAK,IL,Shoulder,,,,P
89593-79103,P,Dane,Dane Dunning,Dunning,13.166666666666666,6,7000,OAK@TEX,TEX,OAK,,,,,,P
89593-79228,P,Cal,Cal Quantrill,Quantrill,22,4,7000,MIA@CLE,CLE,MIA,DTD,Leg,,,,P
89593-165636,P,Hayden,Hayden Wesneski,Wesneski,18.333333333333332,4,7000,LAD@CHC,CHC,LAD,,,,Yes,,P
89593-163680,P,Brayan,Brayan Bello,Bello,8,1,7000,BOS@MIL,BOS,MIL,,,,,,P
89593-102333,P,Daniel,Daniel Lynch,Lynch,21.185185185185187,27,7000,KC@LAA,KC,LAA,IL,Shoulder,,,,P
89593-117232,P,Michael,Michael King,King,12,7,6900,TOR@NYY,NYY,TOR,,,,,0,P
89593-17087,P,Drew,Drew Smyly,Smyly,32.5,5,6900,LAD@CHC,CHC,LAD,,,,,0,P
89593-82630,P,Shane,Shane Baz,Baz,23.333333333333332,6,6900,CWS@TB,TB,CWS,IL,Elbow,,,,P
89593-82810,P,Elieser,Elieser Hernandez,Hernandez,12.85,20,6900,NYM@SF,NYM,SF,IL,Shoulder,,,,P
89593-68561,P,Luke,Luke Weaver,Weaver,30,1,6900,CIN@PIT,CIN,PIT,,,,,,P
89593-80859,P,Paul,Paul Blackburn,Blackburn,24.09090909090909,22,6900,OAK@TEX,OAK,TEX,IL,Finger,,,,P
89593-13627,P,Corey,Corey Kluber,Kluber,13.5,4,6900,BOS@MIL,BOS,MIL,,,,,,P
89593-62872,P,Vince,Vince Velasquez,Velasquez,24,4,6900,CIN@PIT,PIT,CIN,,,,,,P
89593-82539,P,Jalen,Jalen Beeks,Beeks,5.833333333333333,7,6800,CWS@TB,TB,CWS,,,,,,P
89593-10978,P,Stephen,Stephen Strasburg,Strasburg,8,1,6800,WSH@MIN,WSH,MIN,IL,Ribs,,,,P
89593-68536,P,James,James Kaprielian,Kaprielian,8.5,4,6800,OAK@TEX,OAK,TEX,,,,,,P
89593-79079,P,Joey,Joey Wentz,Wentz,13.666666666666666,4,6800,DET@BAL,DET,BAL,,,,Yes,,P
89593-79147,P,Jakob,Jakob Junis,Junis,13.6,6,6800,NYM@SF,SF,NYM,,,,,,P
89593-63136,P,Matthew,Matthew Boyd,Boyd,18,4,6800,DET@BAL,DET,BAL,,,,,,P
89593-65988,P,Zach,Zach Davies,Davies,15.5,2,6700,SD@ARI,ARI,SD,IL,Oblique,,,,P
89593-68483,P,Trevor,Trevor Williams,Williams,22.25,5,6700,WSH@MIN,WSH,MIN,,,,,,P
89593-118195,P,Tejay,Tejay Antone,Antone,,,6700,CIN@PIT,CIN,PIT,IL,Elbow,,,,P
89593-165634,P,Ken,Ken Waldichuk,Waldichuk,15.25,4,6700,OAK@TEX,OAK,TEX,,,,,,P
89593-102297,P,Keegan,Keegan Thompson,Thompson,10.166666666666666,6,6700,LAD@CHC,CHC,LAD,,,,,0,P
89593-68518,P,Spencer,Spencer Turnbull,Turnbull,13,5,6600,DET@BAL,DET,BAL,,,,,,P
89593-102287,P,Kyle,Kyle Muller,Muller,13.25,4,6600,OAK@TEX,OAK,TEX,,,,,,P
89593-135343,P,Max,Max Meyer,Meyer,10.5,2,6500,MIA@CLE,MIA,CLE,IL,Elbow,,,,P
89593-13664,P,Patrick,Patrick Corbin,Corbin,16.75,4,6500,WSH@MIN,WSH,MIN,,,,,,P
89593-161167,P,Glenn,Glenn Otto,Otto,21.925925925925927,27,6500,OAK@TEX,TEX,OAK,IL,Lat,,,,P
89593-101819,P,Jose,Jose Suarez,Suarez,6.666666666666667,3,6500,KC@LAA,LAA,KC,,,,,,P
89593-118225,P,Cristopher,Cristopher Sanchez,Sanchez,11.066666666666666,15,6500,COL@PHI,PHI,COL,IL,Triceps,,Yes,,P
89593-156227,P,Josh,Josh Winder,Winder,18.466666666666665,15,6400,WSH@MIN,MIN,WSH,IL,Shoulder,,,0,P
89593-82621,P,Clarke,Clarke Schmidt,Schmidt,12.25,5,6400,TOR@NYY,NYY,TOR,,,,,0,P
89593-179456,P,Louie,Louie Varland,Varland,37,1,6400,WSH@MIN,MIN,WSH,,,,,0,P
89593-181660,P,Jhony,Jhony Brito,Brito,15.75,5,6400,TOR@NYY,NYY,TOR,,,,,0,P
89593-175698,P,Hunter,Hunter Gaddis,Gaddis,12,4,6400,MIA@CLE,CLE,MIA,,,,,,P
89593-161465,P,Ryan,Ryan Feltner,Feltner,21.75,4,6400,COL@PHI,COL,PHI,,,,,0,P
89593-104584,P,Zach,Zach Plesac,Plesac,14.333333333333334,3,6300,MIA@CLE,CLE,MIA,,,,,,P
89593-178415,P,Javier,Javier Assad,Assad,7.333333333333333,4,6300,LAD@CHC,CHC,LAD,,,,,0,P
89593-159099,P,Connor,Connor Overton,Overton,6,3,6300,CIN@PIT,CIN,PIT,IL,Elbow,,,,P
89593-118206,P,Luis,Luis Gil,Gil,15,1,6300,TOR@NYY,NYY,TOR,IL,Elbow,,,0,P
89593-102447,P,Dean,Dean Kremer,Kremer,17.5,5,6200,DET@BAL,BAL,DET,,,,,,P
89593-135245,P,Tommy,Tommy Henry,Henry,21.22222222222222,9,6200,SD@ARI,ARI,SD,,,,,,P
89593-145610,P,Angel,Angel Zerpa,Zerpa,16,3,6200,KC@LAA,KC,LAA,IL,Shoulder,,,,P
89593-68484,P,Chad,Chad Kuhl,Kuhl,9.666666666666666,4,6200,WSH@MIN,WSH,MIN,,,,Yes,,P
89593-83098,P,Austin,Austin Gomber,Gomber,5.75,4,6200,COL@PHI,COL,PHI,,,,,0,P
89593-169636,P,Beau,Beau Brieske,Brieske,22.333333333333332,15,6200,DET@BAL,DET,BAL,IL,Arm,,,,P
89593-163514,P,Adrian,Adrian Martinez,Martinez,10.6,5,6200,OAK@TEX,OAK,TEX,,,,,,P
89593-102395,P,Ryan,Ryan Weathers,Weathers,24.333333333333332,3,6200,SD@ARI,SD,ARI,,,,,,P
89593-104672,P,Devin,Devin Smeltzer,Smeltzer,0,2,6100,MIA@CLE,MIA,CLE,,,,,,P
89593-82534,P,Bryse,Bryse Wilson,Wilson,13.166666666666666,7,6100,BOS@MIL,MIL,BOS,,,,,,P
89593-79224,P,Chris,Chris Paddack,Paddack,20.6,5,6100,WSH@MIN,MIN,WSH,IL,Elbow,,,0,P
89593-52728,P,Michael,Michael Lorenzen,Lorenzen,19.5,2,6100,DET@BAL,DET,BAL,,,,,,P
89593-161450,P,Janson,Janson Junk,Junk,8,1,6100,BOS@MIL,MIL,BOS,,,,,,P
89593-135191,P,Josh,Josh Fleming,Fleming,13,5,6000,CWS@TB,TB,CWS,,,,,,P
89593-135231,P,Jared,Jared Shuster,Shuster,8.5,3,6000,HOU@ATL,ATL,HOU,,,,,,P
89593-102543,P,Connor,Connor Seabold,Seabold,7.166666666666667,6,6000,COL@PHI,COL,PHI,,,,,0,P
89593-102574,P,Jake,Jake Woodford,Woodford,15.25,4,6000,STL@SEA,STL,SEA,,,,,,P
89593-182597,P,Shintaro,Shintaro Fujinami,Fujinami,8,3,6000,OAK@TEX,OAK,TEX,,,,Yes,,P
89593-82631,P,Taylor,Taylor Hearn,Hearn,4.5,4,6000,OAK@TEX,TEX,OAK,,,,,,P
89593-68490,P,Austin,Austin Voth,Voth,5,7,6000,DET@BAL,BAL,DET,,,,,,P
89593-66766,P,Adrian,Adrian Houser,Houser,18.772727272727273,22,6000,BOS@MIL,MIL,BOS,IL,Groin,,,,P
89593-102342,P,Michael,Michael Grove,Grove,11.25,4,6000,LAD@CHC,LAD,CHC,IL,Groin,,,,P
89593-68485,P,Ryan,Ryan Yarbrough,Yarbrough,3,8,5900,KC@LAA,KC,LAA,,,,,,P
89593-79123,P,Tyler,Tyler Alexander,Alexander,8.6,6,5900,DET@BAL,DET,BAL,,,,,,P
89593-79270,P,Cole,Cole Ragans,Ragans,10,6,5900,OAK@TEX,TEX,OAK,,,,,,P
89593-163681,P,Josh,Josh Winckowski,Winckowski,11.375,8,5900,BOS@MIL,BOS,MIL,,,,,,P
89593-53608,P,Jose,Jose Urena,Urena,5.75,4,5800,COL@PHI,COL,PHI,,,,,0,P
89593-82603,P,Mitch,Mitch White,White,14.44,25,5800,TOR@NYY,TOR,NYY,IL,Elbow,,,0,P
89593-68555,P,Brent,Brent Honeywell,Honeywell,10.25,8,5800,SD@ARI,SD,ARI,,,,,,P
89593-68653,P,Luis,Luis Cessa,Cessa,-3,3,5800,CIN@PIT,CIN,PIT,,,,Yes,,P
89593-79259,P,Jake,Jake Faria,Faria,,,5800,BOS@MIL,BOS,MIL,,,,,,P
89593-81490,P,Chris,Chris Flexen,Flexen,10,4,5800,STL@SEA,SEA,STL,,,,,,P
89593-163663,P,Calvin,Calvin Faucher,Faucher,6.333333333333333,7,5800,CWS@TB,TB,CWS,,,,,,P
89593-102440,P,Mike,Mike Baumann,Baumann,8.75,9,5700,DET@BAL,BAL,DET,,,,,,P
89593-6311,P,Madison,Madison Bumgarner,Bumgarner,5.75,4,5700,SD@ARI,ARI,SD,,,,,,P
89593-118180,P,Tucker,Tucker Davidson,Davidson,13.6,5,5700,KC@LAA,LAA,KC,,,,,,P
89593-155315,P,Spenser,Spenser Watkins,Watkins,17.545454545454547,23,5700,DET@BAL,BAL,DET,IL,Finger,,,,P
89593-102505,P,Edwin,Edwin Uceta,Uceta,5.7,10,5600,NYM@SF,NYM,SF,,,,,,P
89593-37014,P,Hyun Jin,Hyun Jin Ryu,Ryu,15.666666666666666,6,5600,TOR@NYY,TOR,NYY,IL,Elbow,,,0,P
89593-80433,P,Dinelson,Dinelson Lamet,Lamet,5.333333333333333,9,5600,COL@PHI,COL,PHI,,,,,0,P
89593-82546,P,Adbert,Adbert Alzolay,Alzolay,10.333333333333334,7,5600,LAD@CHC,CHC,LAD,,,,,0,P
89593-68528,P,Chase,Chase De Jong,De Jong,4.333333333333333,3,5600,CIN@PIT,PIT,CIN,IL,Back,,,,P
89593-168950,P,Andre,Andre Pallante,Pallante,3.875,8,5600,STL@SEA,STL,SEA,,,,,,P
89593-102405,P,Sean,Sean Hjelle,Hjelle,7.714285714285714,7,5500,NYM@SF,SF,NYM,,,,,,P
89593-178184,P,Kevin,Kevin Herget,Herget,8.75,4,5500,CIN@PIT,CIN,PIT,,,,,,P
89593-161818,P,Dylan,Dylan Coleman,Coleman,0,5,5500,KC@LAA,KC,LAA,,,,,,P
89593-135192,P,Ryan,Ryan Thompson,Thompson,4.333333333333333,7,5500,CWS@TB,TB,CWS,IL,Lat,,,,P
89593-161827,P,Seth,Seth Martinez,Martinez,4.285714285714286,7,5500,HOU@ATL,HOU,ATL,,,,,,P
89593-155687,P,Andrew,Andrew Wantz,Wantz,11,5,5500,KC@LAA,LAA,KC,,,,,,P
89593-102442,P,Freddy,Freddy Tarnok,Tarnok,5,1,5500,OAK@TEX,OAK,TEX,IL,Shoulder,,,,P
89593-102446,P,Tristan,Tristan Beck,Beck,19,1,5500,NYM@SF,SF,NYM,,,,,,P
89593-172092,P,Garrett,Garrett Hill,Hill,3.6,6,5500,DET@BAL,DET,BAL,,,,,,P
89593-79936,P,Mark,Mark Leiter Jr.,Leiter Jr.,8.75,9,5500,LAD@CHC,CHC,LAD,,,,,0,P
89593-135236,P,Max,Max Kranick,Kranick,13.5,2,5500,CIN@PIT,PIT,CIN,IL,Elbow,,,,P
89593-102474,P,Eli,Eli Morgan,Morgan,9.142857142857142,7,5500,MIA@CLE,CLE,MIA,,,,,,P
89593-55374,P,Drew,Drew Rucinski,Rucinski,,,5500,OAK@TEX,OAK,TEX,IL,Hamstring,,,,P
89593-135250,P,Daniel,Daniel Castano,Castano,0,1,5500,MIA@CLE,MIA,CLE,IL,Undisclosed,,,,P
89593-135253,P,Alex,Alex Vesia,Vesia,2.5,8,5500,LAD@CHC,LAD,CHC,,,,,,P
89593-102489,P,Carlos,Carlos Hernandez,Hernandez,3.5714285714285716,8,5500,KC@LAA,KC,LAA,,,,,,P
89593-135256,P,Connor,Connor Brogdon,Brogdon,5.111111111111111,9,5500,COL@PHI,PHI,COL,,,,,0,P
89593-135262,P,Anthony,Anthony Misiewicz,Misiewicz,8,1,5500,SD@ARI,ARI,SD,,,,,,P
89593-82018,P,Victor,Victor Arano,Arano,4.674418604651163,43,5500,WSH@MIN,WSH,MIN,IL,Shoulder,,,,P
89593-116839,P,David,David Bednar,Bednar,7.5,10,5500,CIN@PIT,PIT,CIN,,,,,,P
89593-73835,P,Ty,Ty Blach,Blach,2.5,4,5500,COL@PHI,COL,PHI,,,,,0,P
89593-135273,P,Andre,Andre Jackson,Jackson,6.8,5,5500,LAD@CHC,LAD,CHC,,,,,,P
89593-135279,P,Codi,Codi Heuer,Heuer,,,5500,LAD@CHC,CHC,LAD,IL,Elbow,,,0,P
89593-116847,P,Cole,Cole Sulser,Sulser,5.333333333333333,3,5500,SD@ARI,ARI,SD,IL,Shoulder,,,,P
89593-161906,P,Dauri,Dauri Moreta,Moreta,5.666666666666667,9,5500,CIN@PIT,PIT,CIN,,,,,,P
89593-161907,P,Dylan,Dylan Lee,Lee,6.909090909090909,11,5500,HOU@ATL,ATL,HOU,,,,,,P
89593-159857,P,Jose,Jose Marte,Marte,4.636363636363637,11,5500,KC@LAA,LAA,KC,IL,Elbow,,,,P
89593-135281,P,Bryan,Bryan Baker,Baker,6.7,10,5500,DET@BAL,BAL,DET,,,,,,P
89593-102517,P,Jhoan,Jhoan Duran,Duran,5.714285714285714,7,5500,WSH@MIN,MIN,WSH,,,,,0,P
89593-102530,P,Spencer,Spencer Howard,Howard,12.8,10,5500,OAK@TEX,TEX,OAK,IL,Lat,,,,P
89593-116868,P,Gabe,Gabe Speier,Speier,5.5,8,5500,STL@SEA,SEA,STL,,,,,,P
89593-102536,P,Nick,Nick Nelson,Nelson,6.729166666666667,48,5500,COL@PHI,PHI,COL,IL,Hamstring,,,0,P
89593-114827,P,John,John Schreiber,Schreiber,7,10,5500,BOS@MIL,BOS,MIL,,,,,,P
89593-73866,P,Wandy,Wandy Peralta,Peralta,7.25,8,5500,TOR@NYY,NYY,TOR,,,,,0,P
89593-73869,P,Joe,Joe Mantiply,Mantiply,5,2,5500,SD@ARI,ARI,SD,,,,,,P
89593-135312,P,Kyle,Kyle Nelson,Nelson,8.88888888888889,9,5500,SD@ARI,ARI,SD,,,,,,P
89593-135313,P,Nick,Nick Sandlin,Sandlin,5.5,8,5500,MIA@CLE,CLE,MIA,,,,,,P
89593-102549,P,Andres,Andres Munoz,Munoz,4.75,4,5500,STL@SEA,SEA,STL,IL,Shoulder,,,,P
89593-170135,P,Yennier,Yennier Cano,Cano,6.25,4,5500,DET@BAL,BAL,DET,,,,,,P
89593-6295,P,Daniel,Daniel Hudson,Hudson,6.28,25,5500,LAD@CHC,LAD,CHC,IL,Knee,,,,P
89593-102552,P,Seth,Seth Elledge,Elledge,,,5500,NYM@SF,NYM,SF,,,,,,P
89593-73882,P,Joely,Joely Rodriguez,Rodriguez,4.886792452830188,55,5500,BOS@MIL,BOS,MIL,IL,Oblique,,,,P
89593-102558,P,Gregory,Gregory Santos,Santos,6.375,8,5500,CWS@TB,CWS,TB,,,,,,P
89593-184482,P,Hobie,Hobie Harris,Harris,3.5,7,5500,WSH@MIN,WSH,MIN,,,,,,P
89593-80033,P,Emilio,Emilio Pagan,Pagan,4.5,7,5500,WSH@MIN,MIN,WSH,,,,,0,P
89593-102560,P,Camilo,Camilo Doval,Doval,8.5,7,5500,NYM@SF,SF,NYM,,,,,,P
89593-80034,P,Jose,Jose Alvarado,Alvarado,8.777777777777779,9,5500,COL@PHI,PHI,COL,,,,,0,P
89593-102565,P,Mason,Mason Englert,Englert,9,6,5500,DET@BAL,DET,BAL,,,,,,P
89593-12452,P,Kenley,Kenley Jansen,Jansen,8.571428571428571,8,5500,BOS@MIL,BOS,MIL,,,,,,P
89593-102568,P,Colin,Colin Poche,Poche,3.5714285714285716,8,5500,CWS@TB,TB,CWS,,,,,,P
89593-39081,P,Chasen,Chasen Shreve,Shreve,5.75,8,5500,DET@BAL,DET,BAL,,,,,,P
89593-145593,P,Carlos,Carlos Vargas,Vargas,5.2,5,5500,SD@ARI,ARI,SD,,,,,,P
89593-135361,P,Nabil,Nabil Crismatt,Crismatt,3,6,5500,SD@ARI,SD,ARI,IL,Hip,,,,P
89593-112841,P,Jose,Jose Rodriguez,Rodriguez,3,1,5500,STL@SEA,SEA,STL,,,,,,P
89593-145609,P,Peter,Peter Solomon,Solomon,1.3333333333333333,3,5500,SD@ARI,ARI,SD,,,,,,P
89593-145627,P,Lucas,Lucas Gilbreath,Gilbreath,4.956521739130435,47,5500,COL@PHI,COL,PHI,IL,Elbow,,,0,P
89593-145629,P,Mason,Mason Thompson,Thompson,8.375,8,5500,WSH@MIN,WSH,MIN,,,,,,P
89593-149731,P,Anthony,Anthony Bender,Bender,4.476190476190476,22,5500,MIA@CLE,MIA,CLE,IL,Elbow,,,,P
89593-178411,P,Michael,Michael Plassmeyer,Plassmeyer,17,2,5500,COL@PHI,PHI,COL,,,,,0,P
89593-110824,P,Trevor,Trevor Kelley,Kelley,0,1,5500,CWS@TB,TB,CWS,,,,,,P
89593-170254,P,Colin,Colin Holderman,Holderman,5.4,10,5500,CIN@PIT,PIT,CIN,,,,,,P
89593-65817,P,Scott,Scott McGough,McGough,4.375,9,5500,SD@ARI,ARI,SD,,,,,,P
89593-53550,P,Alex,Alex Reyes,Reyes,,,5500,LAD@CHC,LAD,CHC,IL,Shoulder,,,,P
89593-174406,P,Huascar,Huascar Brazoban,Brazoban,7.875,8,5500,MIA@CLE,MIA,CLE,,,,,,P
89593-117065,P,James,James Karinchak,Karinchak,5.454545454545454,11,5500,MIA@CLE,CLE,MIA,,,,,,P
89593-170324,P,Brandon,Brandon Hughes,Hughes,12,2,5500,LAD@CHC,CHC,LAD,,,,,0,P
89593-153961,P,Tayler,Tayler Saucedo,Saucedo,6,1,5500,STL@SEA,SEA,STL,,,,,,P
89593-184691,P,Jeff,Jeff Lindgren,Lindgren,3,1,5500,MIA@CLE,MIA,CLE,,,,,,P
89593-57717,P,Buck,Buck Farmer,Farmer,4,9,5500,CIN@PIT,CIN,PIT,,,,,,P
89593-61858,P,Raisel,Raisel Iglesias,Iglesias,5.4,70,5500,HOU@ATL,ATL,HOU,IL,Shoulder,,,,P
89593-158134,P,Stephen,Stephen Ridings,Ridings,,,5500,NYM@SF,NYM,SF,IL,Lat,,,,P
89593-80313,P,Keynan,Keynan Middleton,Middleton,6.8,5,5500,CWS@TB,CWS,TB,,,,,,P
89593-80346,P,Giovanny,Giovanny Gallegos,Gallegos,9,5,5500,STL@SEA,STL,SEA,,,,,,P
89593-84452,P,Caleb,Caleb Ferguson,Ferguson,5,8,5500,LAD@CHC,LAD,CHC,,,,,,P
89593-170491,P,Chad,Chad Smith,Smith,6.4,5,5500,OAK@TEX,OAK,TEX,,,,,,P
89593-145918,P,Will,Will Vest,Vest,5.288135593220339,59,5500,DET@BAL,DET,BAL,,,,,,P
89593-145916,P,Zach,Zach Pop,Pop,5.1,10,5500,TOR@NYY,TOR,NYY,,,,,0,P
89593-184829,P,McKinley,McKinley Moore,Moore,-1.6666666666666667,3,5500,COL@PHI,PHI,COL,,,,,0,P
89593-119298,P,Luis,Luis Frias,Frias,-1,2,5500,SD@ARI,ARI,SD,,,,,,P
89593-119310,P,Noah,Noah Song,Song,,,5500,COL@PHI,PHI,COL,IL,Back,,,0,P
89593-170514,P,Jose,Jose Cuas,Cuas,5.75,8,5500,KC@LAA,KC,LAA,,,,,,P
89593-170512,P,Peter,Peter Strzelecki,Strzelecki,5.222222222222222,9,5500,BOS@MIL,MIL,BOS,,,,,,P
89593-119316,P,Thaddeus,Thaddeus Ward,Ward,8.6,6,5500,WSH@MIN,WSH,MIN,,,,,,P
89593-162328,P,Reiver,Reiver Sanmartin,Sanmartin,5.25,9,5500,CIN@PIT,CIN,PIT,,,,,,P
89593-170527,P,Jason,Jason Alexander,Alexander,13.333333333333334,18,5500,BOS@MIL,MIL,BOS,IL,Shoulder,,,,P
89593-119328,P,Packy,Packy Naughton,Naughton,7.5,4,5500,STL@SEA,STL,SEA,IL,Forearm,,,,P
89593-178743,P,Nick,Nick Padilla,Padilla,5,1,5500,CWS@TB,CWS,TB,,,,,,P
89593-139851,P,Justin,Justin Topa,Topa,6.428571428571429,7,5500,STL@SEA,SEA,STL,,,,,,P
89593-80460,P,John,John Brebbia,Brebbia,4.666666666666667,9,5500,NYM@SF,SF,NYM,,,,,,P
89593-16982,P,Ryan,Ryan Tepera,Tepera,1.5,6,5500,KC@LAA,LAA,KC,IL,Shoulder,,,,P
89593-150107,P,Tommy,Tommy Nance,Nance,7.171428571428572,35,5500,MIA@CLE,MIA,CLE,IL,Shoulder,,,,P
89593-16989,P,Wilking,Wilking Rodriguez,Rodriguez,,,5500,STL@SEA,STL,SEA,IL,Shoulder,,,,P
89593-16994,P,Lucas,Lucas Luetge,Luetge,5.2,5,5500,HOU@ATL,ATL,HOU,IL,Biceps,,,,P
89593-21096,P,Erasmo,Erasmo Ramirez,Ramirez,4.444444444444445,9,5500,WSH@MIN,WSH,MIN,,,,,,P
89593-184943,P,Jesse,Jesse Scholtens,Scholtens,18,2,5500,CWS@TB,CWS,TB,,,,,,P
89593-156272,P,Reiss,Reiss Knehr,Knehr,1.6666666666666667,3,5500,SD@ARI,SD,ARI,,,,,,P
89593-82548,P,Alex,Alex Lange,Lange,5.222222222222222,10,5500,DET@BAL,DET,BAL,,,,,,P
89593-82552,P,Tony,Tony Santillan,Santillan,4.3,21,5500,CIN@PIT,CIN,PIT,IL,Back,,,,P
89593-119423,P,Zack,Zack Thompson,Thompson,9.5,8,5500,STL@SEA,STL,SEA,,,,,,P
89593-70271,P,Carlos,Carlos Estevez,Estevez,6,9,5500,KC@LAA,LAA,KC,,,,,,P
89593-82564,P,Yency,Yency Almonte,Almonte,2.111111111111111,9,5500,LAD@CHC,LAD,CHC,,,,,,P
89593-62087,P,Miguel,Miguel Castro,Castro,5,9,5500,SD@ARI,ARI,SD,,,,,,P
89593-82572,P,Gregory,Gregory Soto,Soto,6.111111111111111,10,5500,COL@PHI,PHI,COL,,,,,0,P
89593-12943,P,Shelby,Shelby Miller,Miller,6.375,8,5500,LAD@CHC,LAD,CHC,,,,,,P
89593-12946,P,Matt,Matt Moore,Moore,7.125,8,5500,KC@LAA,LAA,KC,,,,,,P
89593-82584,P,J.B.,J.B. Bukauskas,Bukauskas,3,1,5500,BOS@MIL,MIL,BOS,,,,,,P
89593-82587,P,Richard,Richard Lovelady,Lovelady,6.5,2,5500,OAK@TEX,OAK,TEX,,,,,,P
89593-82591,P,Chris,Chris Rodriguez,Rodriguez,,,5500,KC@LAA,LAA,KC,IL,Shoulder,,,,P
89593-82592,P,Dennis,Dennis Santana,Santana,5.857142857142857,8,5500,NYM@SF,NYM,SF,,,,,,P
89593-17065,P,Blake,Blake Treinen,Treinen,6.5,6,5500,LAD@CHC,LAD,CHC,IL,Shoulder,,,,P
89593-80571,P,Phil,Phil Maton,Maton,7.75,8,5500,HOU@ATL,HOU,ATL,,,,,,P
89593-80570,P,Jimmy,Jimmy Yacabonis,Yacabonis,13,2,5500,NYM@SF,NYM,SF,,,,,,P
89593-82627,P,JoJo,JoJo Romero,Romero,5.5,2,5500,STL@SEA,STL,SEA,,,,,,P
89593-17094,P,Jake,Jake Diekman,Diekman,2.4,10,5500,CWS@TB,CWS,TB,,,,,,P
89593-17100,P,Jeurys,Jeurys Familia,Familia,2.4,10,5500,OAK@TEX,OAK,TEX,,,,,,P
89593-82636,P,Joey,Joey Lucchesi,Lucchesi,58,1,5500,NYM@SF,NYM,SF,,,,,,P
89593-82639,P,Ryan,Ryan Helsley,Helsley,7.5,6,5500,STL@SEA,STL,SEA,,,,,,P
89593-82638,P,Jordan,Jordan Hicks,Hicks,3.5555555555555554,9,5500,STL@SEA,STL,SEA,,,,,,P
89593-21210,P,Mychal,Mychal Givens,Givens,6.283333333333333,61,5500,DET@BAL,BAL,DET,IL,Knee,,,,P
89593-82657,P,Wil,Wil Crowe,Crowe,8.2,5,5500,CIN@PIT,PIT,CIN,,,,,,P
89593-53990,P,Shawn,Shawn Armstrong,Armstrong,6.235294117647059,51,5500,CWS@TB,TB,CWS,IL,Neck,,,,P
89593-84727,P,Drew,Drew Smith,Smith,6.2,10,5500,NYM@SF,NYM,SF,,,,,,P
89593-84731,P,Evan,Evan Phillips,Phillips,4.5,8,5500,LAD@CHC,LAD,CHC,IL,Personal,,,,P
89593-135977,P,Garrett,Garrett Crochet,Crochet,,,5500,CWS@TB,CWS,TB,IL,Elbow,,,,P
89593-178997,P,Greg,Greg Weissert,Weissert,3.3333333333333335,3,5500,TOR@NYY,NYY,TOR,,,,,0,P
89593-13118,P,Justin,Justin Wilson,Wilson,5.8,5,5500,BOS@MIL,MIL,BOS,IL,Elbow,,,,P
89593-11108,P,Aroldis,Aroldis Chapman,Chapman,8.571428571428571,8,5500,KC@LAA,KC,LAA,,,,,,P
89593-68466,P,Steven,Steven Okert,Okert,5.4576271186440675,60,5500,MIA@CLE,MIA,CLE,,,,,,P
89593-70517,P,Chad,Chad Green,Green,6,14,5500,TOR@NYY,TOR,NYY,IL,Elbow,,,0,P
89593-15221,P,Tommy,Tommy Milone,Milone,20,1,5500,STL@SEA,SEA,STL,,,,,,P
89593-15225,P,Liam,Liam Hendriks,Hendriks,6.862068965517241,58,5500,CWS@TB,CWS,TB,IL,Illness,,,,P
89593-68475,P,JT,JT Chargois,Chargois,5,5,5500,MIA@CLE,MIA,CLE,IL,Oblique,,,,P
89593-68474,P,Josh,Josh Hader,Hader,7.666666666666667,9,5500,SD@ARI,SD,ARI,,,,,,P
89593-68476,P,Taylor,Taylor Rogers,Rogers,0.7142857142857143,10,5500,NYM@SF,SF,NYM,,,,,,P
89593-170891,P,Davis,Davis Daniel,Daniel,,,5500,KC@LAA,LAA,KC,IL,Shoulder,,,,P
89593-68491,P,Reynaldo,Reynaldo Lopez,Lopez,4.888888888888889,10,5500,CWS@TB,CWS,TB,,,,,,P
89593-170895,P,Jake,Jake Bird,Bird,7.222222222222222,9,5500,COL@PHI,COL,PHI,,,,,0,P
89593-23437,P,Brooks,Brooks Raley,Raley,3.5454545454545454,11,5500,NYM@SF,NYM,SF,,,,,,P
89593-185233,P,Braden,Braden Bristo,Bristo,21,1,5500,CWS@TB,TB,CWS,,,,,,P
89593-82840,P,Yonny,Yonny Chirinos,Chirinos,14,2,5500,CWS@TB,TB,CWS,,,,,,P
89593-68507,P,Duane,Duane Underwood Jr.,Underwood Jr.,4.444444444444445,9,5500,CIN@PIT,PIT,CIN,,,,,,P
89593-68510,P,Amir,Amir Garrett,Garrett,4.222222222222222,9,5500,KC@LAA,KC,LAA,,,,,,P
89593-80801,P,Hoby,Hoby Milner,Milner,3.4,11,5500,BOS@MIL,MIL,BOS,,,,,,P
89593-68515,P,Sam,Sam Moll,Moll,2.8,10,5500,OAK@TEX,OAK,TEX,,,,,,P
89593-68517,P,Antonio,Antonio Senzatela,Senzatela,17.526315789473685,19,5500,COL@PHI,COL,PHI,IL,Knee,,,0,P
89593-68520,P,Michael,Michael Fulmer,Fulmer,4.111111111111111,9,5500,LAD@CHC,CHC,LAD,,,,,0,P
89593-168872,P,Ronel,Ronel Blanco,Blanco,7.5,6,5500,HOU@ATL,HOU,ATL,,,,,,P
89593-179118,P,Zack,Zack Kelly,Kelly,5.166666666666667,6,5500,BOS@MIL,BOS,MIL,IL,Elbow,,,,P
89593-52141,P,Lucas,Lucas Sims,Sims,3,1,5500,CIN@PIT,CIN,PIT,,,,,,P
89593-52143,P,Hunter,Hunter Harvey,Harvey,5.222222222222222,9,5500,WSH@MIN,WSH,MIN,,,,,,P
89593-52146,P,Carl,Carl Edwards Jr.,Edwards Jr.,5.375,9,5500,WSH@MIN,WSH,MIN,,,,,,P
89593-68530,P,Jarlin,Jarlin Garcia,Garcia,5.142857142857143,58,5500,CIN@PIT,PIT,CIN,IL,Biceps,,,,P
89593-52148,P,Pierce,Pierce Johnson,Johnson,5.875,8,5500,COL@PHI,COL,PHI,,,,,0,P
89593-70585,P,Richard,Richard Bleier,Bleier,2.7142857142857144,8,5500,BOS@MIL,BOS,MIL,,,,,,P
89593-52152,P,Robert,Robert Stephenson,Stephenson,4.6,5,5500,CIN@PIT,PIT,CIN,,,,,,P
89593-175032,P,Brennan,Brennan Bernardino,Bernardino,2,2,5500,BOS@MIL,BOS,MIL,,,,,,P
89593-68548,P,Edwin,Edwin Diaz,Diaz,8.65625,64,5500,NYM@SF,NYM,SF,IL,Knee,,,,P
89593-68552,P,Sam,Sam Coonrod,Coonrod,3.4166666666666665,12,5500,NYM@SF,NYM,SF,IL,Lat,,,,P
89593-68556,P,Dillon,Dillon Tate,Tate,5.223880597014926,67,5500,DET@BAL,BAL,DET,IL,Forearm,,,,P
89593-13271,P,Will,Will Smith,Smith,6.142857142857143,7,5500,OAK@TEX,TEX,OAK,,,,,,P
89593-82911,P,Adam,Adam Cimber,Cimber,3.3,10,5500,TOR@NYY,TOR,NYY,,,,,0,P
89593-52192,P,Luke,Luke Jackson,Jackson,,,5500,NYM@SF,SF,NYM,IL,Elbow,,,,P
89593-70624,P,Chris,Chris Stratton,Stratton,6.25,8,5500,STL@SEA,STL,SEA,,,,,,P
89593-82922,P,Tyler,Tyler Kinley,Kinley,6.12,25,5500,COL@PHI,COL,PHI,IL,Elbow,,,0,P
89593-82924,P,Tim,Tim Hill,Hill,4.5,10,5500,SD@ARI,SD,ARI,,,,,,P
89593-68590,P,Javy,Javy Guerra,Guerra,2.857142857142857,7,5500,BOS@MIL,MIL,BOS,,,,,,P
89593-82935,P,Trevor,Trevor Richards,Richards,7.857142857142857,8,5500,TOR@NYY,TOR,NYY,,,,,0,P
89593-13312,P,Ryan,Ryan Brasier,Brasier,3.6363636363636362,11,5500,BOS@MIL,BOS,MIL,,,,,,P
89593-168965,P,Tanner,Tanner Banks,Banks,7.5,2,5500,CWS@TB,CWS,TB,,,,,,P
89593-82974,P,Tanner,Tanner Rainey,Rainey,5.896551724137931,29,5500,WSH@MIN,WSH,MIN,IL,Elbow,,,,P
89593-82986,P,Colten,Colten Brewer,Brewer,8.333333333333334,3,5500,TOR@NYY,NYY,TOR,,,,,0,P
89593-82999,P,Scott,Scott Barlow,Barlow,3.2857142857142856,8,5500,KC@LAA,KC,LAA,,,,,,P
89593-82998,P,Lou,Lou Trivino,Trivino,4.794117647058823,69,5500,TOR@NYY,NYY,TOR,IL,Elbow,,,0,P
89593-58434,P,Kendall,Kendall Graveman,Graveman,4.375,8,5500,CWS@TB,CWS,TB,,,,,,P
89593-169030,P,Zach,Zach Jackson,Jackson,5.909090909090909,11,5500,OAK@TEX,OAK,TEX,,,,,,P
89593-11333,P,Craig,Craig Kimbrel,Kimbrel,4.333333333333333,9,5500,COL@PHI,PHI,COL,,,,,0,P
89593-179275,P,Fernando,Fernando Cruz,Cruz,8.25,8,5500,CIN@PIT,CIN,PIT,,,,,,P
89593-13404,P,Anthony,Anthony Bass,Bass,3.125,8,5500,TOR@NYY,TOR,NYY,,,,,0,P
89593-38001,P,Matt,Matt Barnes,Barnes,5.857142857142857,8,5500,MIA@CLE,MIA,CLE,,,,,,P
89593-85108,P,Enyel,Enyel De Los Santos,De Los Santos,5.857142857142857,7,5500,MIA@CLE,CLE,MIA,,,,,,P
89593-13438,P,Drew,Drew Pomeranz,Pomeranz,,,5500,SD@ARI,SD,ARI,IL,Neck,,,,P
89593-54403,P,Trevor,Trevor Gott,Gott,4.818181818181818,11,5500,STL@SEA,SEA,STL,,,,,,P
89593-158858,P,Justin,Justin Bruihl,Bruihl,5,3,5500,LAD@CHC,LAD,CHC,,,,,,P
89593-179339,P,Bryce,Bryce Montes de Oca,Montes de Oca,5.333333333333333,3,5500,NYM@SF,NYM,SF,IL,Elbow,,,,P
89593-21653,P,Hector,Hector Neris,Neris,7.625,8,5500,HOU@ATL,HOU,ATL,,,,,,P
89593-38041,P,Ryan,Ryan Pressly,Pressly,3.7777777777777777,9,5500,HOU@ATL,HOU,ATL,,,,,,P
89593-81052,P,Andrew,Andrew Kittredge,Kittredge,5.823529411764706,17,5500,CWS@TB,TB,CWS,IL,Elbow,,,,P
89593-152733,P,Griffin,Griffin Jax,Jax,5.5,10,5500,WSH@MIN,MIN,WSH,,,,,0,P
89593-13479,P,Joe,Joe Kelly,Kelly,2.6666666666666665,3,5500,CWS@TB,CWS,TB,IL,Groin,,,,P
89593-85164,P,Matt,Matt Festa,Festa,4.333333333333333,3,5500,STL@SEA,SEA,STL,,,,,,P
89593-62641,P,Andrew,Andrew Bellatti,Bellatti,4.4,10,5500,COL@PHI,PHI,COL,,,,,0,P
89593-21682,P,Aaron,Aaron Loup,Loup,2.7142857142857144,7,5500,KC@LAA,LAA,KC,,,,,,P
89593-160965,P,Elvis,Elvis Peguero,Peguero,3.769230769230769,13,5500,BOS@MIL,MIL,BOS,,,,,,P
89593-83145,P,Jose,Jose Castillo,Castillo,3,1,5500,SD@ARI,SD,ARI,IL,Shoulder,,,,P
89593-66765,P,Jorge,Jorge Lopez,Lopez,6.222222222222222,9,5500,WSH@MIN,MIN,WSH,,,,,0,P
89593-83159,P,Diego,Diego Castillo,Castillo,2.4285714285714284,7,5500,STL@SEA,SEA,STL,,,,,,P
89593-83158,P,Seranthony,Seranthony Dominguez,Dominguez,2.875,9,5500,COL@PHI,PHI,COL,,,,,0,P
89593-83163,P,Jonathan,Jonathan Loaisiga,Loaisiga,3.3333333333333335,3,5500,TOR@NYY,NYY,TOR,IL,Elbow,,,0,P
89593-79067,P,Alex,Alex Young,Young,7,8,5500,CIN@PIT,CIN,PIT,,,,,,P
89593-38106,P,Kirby,Kirby Yates,Yates,5.428571428571429,8,5500,HOU@ATL,ATL,HOU,,,,,,P
89593-79066,P,Anthony,Anthony Banda,Banda,3,8,5500,WSH@MIN,WSH,MIN,,,,,,P
89593-79071,P,Taylor,Taylor Clarke,Clarke,7.125,9,5500,KC@LAA,KC,LAA,,,,,,P
89593-152806,P,Jason,Jason Foley,Foley,5.25,9,5500,DET@BAL,DET,BAL,,,,,,P
89593-83172,P,Jonathan,Jonathan Hernandez,Hernandez,6.428571428571429,8,5500,OAK@TEX,TEX,OAK,,,,,,P
89593-79076,P,Kolby,Kolby Allard,Allard,7.5,10,5500,HOU@ATL,ATL,HOU,IL,Oblique,,,,P
89593-136424,P,Jake,Jake Brentz,Brentz,0.14285714285714285,8,5500,KC@LAA,KC,LAA,IL,Elbow,,,,P
89593-79085,P,Keegan,Keegan Akin,Akin,2.1666666666666665,6,5500,DET@BAL,BAL,DET,,,,,,P
89593-79084,P,Tanner,Tanner Scott,Scott,5,8,5500,MIA@CLE,MIA,CLE,,,,,,P
89593-83184,P,Julian,Julian Merryweather,Merryweather,3.125,9,5500,LAD@CHC,CHC,LAD,,,,,0,P
89593-5370,P,Daniel,Daniel Bard,Bard,3,1,5500,COL@PHI,COL,PHI,,,,,0,P
89593-79107,P,Vladimir,Vladimir Gutierrez,Gutierrez,11,10,5500,CIN@PIT,CIN,PIT,IL,Elbow,,,,P
89593-85253,P,Casey,Casey Mize,Mize,12,2,5500,DET@BAL,DET,BAL,IL,Elbow,,,,P
89593-21764,P,Caleb,Caleb Thielbar,Thielbar,4.571428571428571,7,5500,WSH@MIN,MIN,WSH,,,,,0,P
89593-146702,P,Cole,Cole Sands,Sands,9,3,5500,WSH@MIN,MIN,WSH,,,,,0,P
89593-79117,P,Peter,Peter Lambert,Lambert,,,5500,COL@PHI,COL,PHI,,,,,0,P
89593-38164,P,Jimmy,Jimmy Nelson,Nelson,,,5500,LAD@CHC,LAD,CHC,IL,Elbow,,,,P
89593-79124,P,Joe,Joe Jimenez,Jimenez,5.142857142857143,8,5500,HOU@ATL,ATL,HOU,,,,,,P
89593-23834,P,Collin,Collin McHugh,McHugh,4.666666666666667,3,5500,HOU@ATL,ATL,HOU,IL,Shoulder,,,,P
89593-83232,P,Jason,Jason Adam,Adam,4.428571428571429,7,5500,CWS@TB,TB,CWS,,,,,,P
89593-116002,P,Joel,Joel Kuhnel,Kuhnel,-3,1,5500,CIN@PIT,CIN,PIT,,,,,,P
89593-85286,P,Ian,Ian Gibaut,Gibaut,4.888888888888889,9,5500,CIN@PIT,CIN,PIT,,,,,,P
89593-85289,P,Nick,Nick Anderson,Anderson,6.888888888888889,10,5500,HOU@ATL,ATL,HOU,,,,,,P
89593-85288,P,Brusdar,Brusdar Graterol,Graterol,5.222222222222222,9,5500,LAD@CHC,LAD,CHC,,,,,,P
89593-38189,P,Michael,Michael Tonkin,Tonkin,10,6,5500,HOU@ATL,ATL,HOU,,,,,,P
89593-79150,P,Josh,Josh Staumont,Staumont,5,3,5500,KC@LAA,KC,LAA,,,,,,P
89593-156976,P,Darren,Darren McCaughan,McCaughan,6,1,5500,STL@SEA,SEA,STL,,,,,,P
89593-79155,P,Jaime,Jaime Barria,Barria,10.166666666666666,6,5500,KC@LAA,LAA,KC,,,,,,P
89593-79171,P,Phil,Phil Bickford,Bickford,7.125,8,5500,LAD@CHC,LAD,CHC,,,,,,P
89593-113986,P,Emmanuel,Emmanuel Clase,Clase,5.1,10,5500,MIA@CLE,CLE,MIA,,,,,,P
89593-13635,P,Brad,Brad Hand,Hand,5.555555555555555,9,5500,COL@PHI,COL,PHI,,,,,0,P
89593-38216,P,Jose,Jose Cisnero,Cisnero,5.142857142857143,9,5500,DET@BAL,DET,BAL,,,,,,P
89593-38217,P,Tommy,Tommy Kahnle,Kahnle,5.133333333333334,16,5500,TOR@NYY,NYY,TOR,IL,Biceps,,,0,P
89593-79185,P,Justin,Justin Dunn,Dunn,14.714285714285714,7,5500,CIN@PIT,CIN,PIT,IL,Shoulder,,,,P
89593-79184,P,Thomas,Thomas Szapucki,Szapucki,5.7272727272727275,11,5500,NYM@SF,SF,NYM,IL,Arm,,,,P
89593-38228,P,Trevor,Trevor May,May,3.4285714285714284,8,5500,OAK@TEX,OAK,TEX,IL,Personal,,,,P
89593-177493,P,Andrew,Andrew Nardi,Nardi,5.111111111111111,9,5500,MIA@CLE,MIA,CLE,,,,,,P
89593-79194,P,Domingo,Domingo Acevedo,Acevedo,0.8,5,5500,OAK@TEX,OAK,TEX,IL,Back,,,,P
89593-79196,P,Albert,Albert Abreu,Abreu,10,7,5500,TOR@NYY,NYY,TOR,,,,,0,P
89593-38240,P,Rafael,Rafael Montero,Montero,5.625,9,5500,HOU@ATL,HOU,ATL,,,,,,P
89593-79209,P,A.J.,A.J. Puk,Puk,7.285714285714286,8,5500,MIA@CLE,MIA,CLE,,,,,,P
89593-118123,P,Blake,Blake Taylor,Taylor,3.1578947368421053,19,5500,HOU@ATL,HOU,ATL,,,,,,P
89593-79227,P,Adrian,Adrian Morejon,Morejon,6.230769230769231,28,5500,SD@ARI,SD,ARI,IL,Elbow,,,,P
89593-79232,P,Clay,Clay Holmes,Holmes,4.75,9,5500,TOR@NYY,NYY,TOR,,,,,0,P
89593-79258,P,Ryne,Ryne Stanek,Stanek,5.25,8,5500,HOU@ATL,HOU,ATL,,,,,,P
89593-38303,P,Andrew,Andrew Chafin,Chafin,5.444444444444445,9,5500,SD@ARI,ARI,SD,,,,,,P
89593-79266,P,Brett,Brett Martin,Martin,3.7636363636363637,55,5500,OAK@TEX,TEX,OAK,IL,Shoulder,,,,P
89593-118185,P,Matt,Matt Foster,Foster,4.448979591836735,50,5500,CWS@TB,CWS,TB,IL,Elbow,,,,P
89593-101801,P,Joel,Joel Payamps,Payamps,4.5,9,5500,BOS@MIL,MIL,BOS,,,,,,P
89593-118186,P,Jimmy,Jimmy Lambert,Lambert,6.7272727272727275,11,5500,CWS@TB,CWS,TB,,,,,,P
89593-101804,P,Huascar,Huascar Ynoa,Ynoa,7,2,5500,HOU@ATL,ATL,HOU,IL,Elbow,,,,P
89593-101809,P,Josh,Josh Taylor,Taylor,6,2,5500,KC@LAA,KC,LAA,,,,,,P
89593-101808,P,Denyi,Denyi Reyes,Reyes,8,5,5500,NYM@SF,NYM,SF,,,,,,P
89593-177584,P,Xzavion,Xzavion Curry,Curry,12.75,4,5500,MIA@CLE,CLE,MIA,,,,,,P
89593-101812,P,Justin,Justin Lawrence,Lawrence,8.25,8,5500,COL@PHI,COL,PHI,,,,,0,P
89593-101815,P,Jimmy,Jimmy Herget,Herget,2.875,8,5500,KC@LAA,LAA,KC,,,,,,P
89593-101814,P,Sam,Sam Hentges,Hentges,7,61,5500,MIA@CLE,CLE,MIA,IL,Shoulder,,,,P
89593-101816,P,Bryan,Bryan Abreu,Abreu,7.6,10,5500,HOU@ATL,HOU,ATL,,,,,,P
89593-169400,P,Parker,Parker Mushinski,Mushinski,5.285714285714286,7,5500,HOU@ATL,HOU,ATL,IL,Back,,,,P
89593-40382,P,Luis,Luis Garcia,Garcia,2.3,10,5500,SD@ARI,SD,ARI,,,,,,P
89593-101822,P,Josh,Josh Sborz,Sborz,7.333333333333333,3,5500,OAK@TEX,TEX,OAK,,,,,,P
89593-101825,P,Jose,Jose Quijada,Quijada,6,8,5500,KC@LAA,LAA,KC,,,,,,P
89593-118221,P,J.P.,J.P. Feyereisen,Feyereisen,7.818181818181818,22,5500,LAD@CHC,LAD,CHC,IL,Shoulder,,,,P
89593-118224,P,Garrett,Garrett Cleavinger,Cleavinger,5.222222222222222,10,5500,CWS@TB,TB,CWS,,,,,,P
89593-101845,P,Genesis,Genesis Cabrera,Cabrera,7.5,6,5500,STL@SEA,STL,SEA,,,,,,P
89593-101846,P,Erik,Erik Swanson,Swanson,4.9,10,5500,TOR@NYY,TOR,NYY,,,,,0,P
89593-101851,P,Brock,Brock Burke,Burke,7,7,5500,OAK@TEX,TEX,OAK,,,,,,P
89593-161256,P,Cooper,Cooper Criswell,Criswell,17.5,2,5500,CWS@TB,TB,CWS,,,,,,P
89593-85489,P,Jimmy,Jimmy Cordero,Cordero,6.285714285714286,8,5500,TOR@NYY,NYY,TOR,,,,,0,P
89593-95737,P,Ian,Ian Hamilton,Hamilton,12.833333333333334,6,5500,TOR@NYY,NYY,TOR,,,,,0,P
89593-161273,P,Scott,Scott Effross,Effross,5.233333333333333,60,5500,TOR@NYY,NYY,TOR,IL,Elbow,,,0,P
89593-52733,P,Scott,Scott Alexander,Alexander,5,9,5500,NYM@SF,SF,NYM,,,,,,P
89593-95757,P,Andrew,Andrew Vasquez,Vasquez,8.166666666666666,6,5500,COL@PHI,PHI,COL,,,,,0,P
89593-85517,P,Trey,Trey Wingenter,Wingenter,4.4,7,5500,DET@BAL,DET,BAL,,,,,,P
89593-95756,P,Rowan,Rowan Wick,Wick,5.285714285714286,64,5500,LAD@CHC,CHC,LAD,,,,,0,P
89593-101904,P,Jordan,Jordan Romano,Romano,7.444444444444445,9,5500,TOR@NYY,TOR,NYY,,,,,0,P
89593-71190,P,Jose,Jose Leclerc,Leclerc,5.75,8,5500,OAK@TEX,TEX,OAK,,,,,,P
89593-95774,P,Jeff,Jeff Brigham,Brigham,5,3,5500,NYM@SF,NYM,SF,,,,,,P
89593-181794,P,Hogan,Hogan Harris,Harris,-17,1,5500,OAK@TEX,OAK,TEX,,,,,,P
89593-58913,P,Danny,Danny Coulombe,Coulombe,6.75,9,5500,DET@BAL,BAL,DET,,,,,,P
89593-5673,P,Jesse,Jesse Chavez,Chavez,4.5,11,5500,HOU@ATL,ATL,HOU,,,,,,P
89593-79402,P,Cionel,Cionel Perez,Perez,4.666666666666667,9,5500,DET@BAL,BAL,DET,,,,,,P
89593-71218,P,Dylan,Dylan Floro,Floro,7.375,9,5500,MIA@CLE,MIA,CLE,,,,,,P
89593-181815,P,Brent,Brent Headrick,Headrick,15,1,5500,WSH@MIN,MIN,WSH,,,,,0,P
89593-140858,P,Domingo,Domingo Tapia,Tapia,5.714285714285714,7,5500,SD@ARI,SD,ARI,,,,,,P
89593-181819,P,Tim,Tim Herrin,Herrin,6.714285714285714,7,5500,MIA@CLE,CLE,MIA,,,,,,P
89593-181816,P,Casey,Casey Legumina,Legumina,11,2,5500,CIN@PIT,CIN,PIT,,,,,,P
89593-181842,P,Eli,Eli Villalobos,Villalobos,,,5500,CIN@PIT,PIT,CIN,,,,,,P
89593-81488,P,Jose,Jose Ruiz,Ruiz,0.75,8,5500,SD@ARI,ARI,SD,,,,,,P
89593-181841,P,George,George Soriano,Soriano,12,2,5500,MIA@CLE,MIA,CLE,,,,,,P
89593-73301,P,Brent,Brent Suter,Suter,8.25,8,5500,COL@PHI,COL,PHI,,,,,0,P
89593-81507,P,Aaron,Aaron Bummer,Bummer,3.3333333333333335,10,5500,CWS@TB,CWS,TB,,,,,,P
89593-169574,P,Penn,Penn Murfee,Murfee,5.111111111111111,9,5500,STL@SEA,SEA,STL,,,,,,P
89593-5735,P,David,David Robertson,Robertson,6.111111111111111,9,5500,NYM@SF,NYM,SF,,,,,,P
89593-118381,P,Kyle,Kyle Finnegan,Finnegan,1.625,8,5500,WSH@MIN,WSH,MIN,,,,,,P
89593-118395,P,Dany,Dany Jimenez,Jimenez,2.857142857142857,7,5500,OAK@TEX,OAK,TEX,IL,Shoulder,,,,P
89593-118394,P,Yohan,Yohan Ramirez,Ramirez,9,1,5500,CIN@PIT,PIT,CIN,,,,,,P
89593-5761,P,Tommy,Tommy Hunter,Hunter,2,4,5500,NYM@SF,NYM,SF,,,,,,P
89593-52871,P,Derek,Derek Law,Law,5.111111111111111,10,5500,CIN@PIT,CIN,PIT,,,,,,P
89593-110216,P,Stephen,Stephen Nogosek,Nogosek,12.333333333333334,4,5500,NYM@SF,NYM,SF,IL,Elbow,,,,P
89593-73362,P,Rob,Rob Zastryzny,Zastryzny,3.7142857142857144,7,5500,CIN@PIT,PIT,CIN,IL,Elbow,,,,P
89593-52887,P,Tyler,Tyler Matzek,Matzek,5.0476190476190474,42,5500,HOU@ATL,ATL,HOU,IL,Elbow,,,,P
89593-38563,P,Yimi,Yimi Garcia,Garcia,5.333333333333333,9,5500,TOR@NYY,TOR,NYY,,,,,0,P
89593-163511,P,Yunior,Yunior Marte,Marte,-3,2,5500,COL@PHI,PHI,COL,,,,,0,P
89593-114356,P,Kevin,Kevin Ginkel,Ginkel,4.111111111111111,9,5500,SD@ARI,ARI,SD,,,,,,P
89593-114360,P,Devin,Devin Williams,Williams,10.5,7,5500,BOS@MIL,MIL,BOS,,,,,,P
89593-38596,P,Chris,Chris Martin,Martin,3,7,5500,BOS@MIL,BOS,MIL,IL,Shoulder,,,,P
89593-81615,P,Tim,Tim Mayza,Mayza,3.75,9,5500,TOR@NYY,TOR,NYY,,,,,0,P
89593-14047,P,Brad,Brad Boxberger,Boxberger,5.375,8,5500,LAD@CHC,CHC,LAD,,,,,0,P
89593-81641,P,John,John Curtiss,Curtiss,4.111111111111111,10,5500,NYM@SF,NYM,SF,,,,,,P
89593-181992,P,Jose,Jose Hernandez,Hernandez,6.5,6,5500,CIN@PIT,PIT,CIN,,,,,,P
89593-81642,P,A.J.,A.J. Minter,Minter,4.8,10,5500,HOU@ATL,ATL,HOU,,,,,,P
89593-182006,P,Nic,Nic Enright,Enright,,,5500,MIA@CLE,MIA,CLE,IL,Illness,,,,P
89593-182005,P,Kevin,Kevin Kelly,Kelly,9.833333333333334,7,5500,CWS@TB,TB,CWS,,,,,,P
89593-52986,P,Drew,Drew VerHagen,VerHagen,5.8,10,5500,STL@SEA,STL,SEA,,,,,,P
89593-157433,P,Kirby,Kirby Snead,Snead,3.4782608695652173,47,5500,OAK@TEX,OAK,TEX,IL,Shoulder,,,,P
89593-165642,P,Mason,Mason Miller,Miller,22,1,5500,OAK@TEX,OAK,TEX,,,,,,P
89593-161545,P,Kaleb,Kaleb Ort,Ort,5.4,10,5500,BOS@MIL,BOS,MIL,,,,,,P
89593-169742,P,Tyler,Tyler Holton,Holton,12.5,2,5500,DET@BAL,DET,BAL,,,,,,P
89593-161563,P,Jovani,Jovani Moran,Moran,5.428571428571429,8,5500,WSH@MIN,MIN,WSH,,,,,0,P
89593-165673,P,Levi,Levi Stoudt,Stoudt,0,1,5500,CIN@PIT,CIN,PIT,,,,,,P
89593-182062,P,Gus,Gus Varland,Varland,4.333333333333333,6,5500,BOS@MIL,MIL,BOS,IL,Hand,,,,P
89593-182061,P,Nick,Nick Avila,Avila,,,5500,NYM@SF,SF,NYM,,,,,,P
89593-163641,P,Ray,Ray Kerr,Kerr,9,1,5500,SD@ARI,SD,ARI,,,,,,P
89593-163654,P,Alexis,Alexis Diaz,Diaz,7.166666666666667,6,5500,CIN@PIT,CIN,PIT,,,,,,P
89593-116548,P,Tyler,Tyler Rogers,Rogers,6.125,8,5500,NYM@SF,SF,NYM,,,,,,P
89593-163660,P,Steven,Steven Wilson,Wilson,7.818181818181818,11,5500,SD@ARI,SD,ARI,,,,,,P
89593-163682,P,Ethan,Ethan Roberts,Roberts,3.2222222222222223,9,5500,LAD@CHC,CHC,LAD,IL,Elbow,,,0,P
89593-163687,P,Ron,Ron Marinaccio,Marinaccio,9.285714285714286,7,5500,TOR@NYY,NYY,TOR,,,,,0,P
89593-163684,P,Ronny,Ronny Henriquez,Henriquez,17.666666666666668,3,5500,WSH@MIN,MIN,WSH,IL,Elbow,,,0,P
89593-163692,P,Jose,Jose Butto,Butto,18,1,5500,NYM@SF,NYM,SF,,,,,,P
89593-163702,P,Logan,Logan Gillaspie,Gillaspie,2.5714285714285716,8,5500,DET@BAL,BAL,DET,,,,,,P
89593-163701,P,Felix,Felix Bautista,Bautista,8.6,10,5500,DET@BAL,BAL,DET,,,,,,P
89593-163707,P,Freddy,Freddy Pacheco,Pacheco,,,5500,DET@BAL,DET,BAL,IL,Elbow,,,,P
89593-102300,P,Michael,Michael Rucker,Rucker,7,9,5500,LAD@CHC,CHC,LAD,,,,,0,P
89593-8101,P,Ian,Ian Kennedy,Kennedy,2.8333333333333335,6,5500,OAK@TEX,TEX,OAK,,,,,,P
89593-6054,P,Mark,Mark Melancon,Melancon,3.457627118644068,62,5500,SD@ARI,ARI,SD,IL,Shoulder,,,,P
89593-108461,P,Pete,Pete Fairbanks,Fairbanks,4.8,5,5500,CWS@TB,TB,CWS,,,,,,P
89593-102318,P,Ryan,Ryan Rolison,Rolison,,,5500,COL@PHI,COL,PHI,IL,Shoulder,,,0,P
89593-102324,P,Konnor,Konnor Pilkington,Pilkington,17,15,5500,MIA@CLE,CLE,MIA,,,,,,P
89593-102334,P,Corbin,Corbin Martin,Martin,13.428571428571429,7,5500,SD@ARI,ARI,SD,IL,Lat,,,,P
89593-163782,P,Robert,Robert Suarez,Suarez,7.3,52,5500,SD@ARI,SD,ARI,IL,Elbow,,,,P
89593-102355,P,Jorge,Jorge Alcala,Alcala,6,7,5500,WSH@MIN,MIN,WSH,,,,,0,P
89593-12257,P,Adam,Adam Ottavino,Ottavino,5.625,10,5500,NYM@SF,NYM,SF,,,,,,P
89593-169957,P,Danny,Danny Young,Young,7.333333333333333,3,5500,HOU@ATL,ATL,HOU,,,,,,P
89593-102377,P,Trevor,Trevor Stephan,Stephan,5.8,10,5500,MIA@CLE,CLE,MIA,,,,,,P
89593-79848,P,Paul,Paul Sewald,Sewald,6.2727272727272725,11,5500,STL@SEA,SEA,STL,,,,,,P
89593-102397,P,Wyatt,Wyatt Mills,Mills,4.653846153846154,27,5500,BOS@MIL,BOS,MIL,IL,Elbow,,,,P
89593-79756,OF,Ronald,Ronald Acuna Jr.,Acuna Jr.,16.214999389648437,20,4600,HOU@ATL,ATL,HOU,,,,,,OF/UTIL
89593-82575,OF,Yordan,Yordan Alvarez,Alvarez,14.950000339084202,18,4500,HOU@ATL,HOU,ATL,,,,,,OF/UTIL
89593-68585,3B,Rafael,Rafael Devers,Devers,13.5,20,4500,BOS@MIL,BOS,MIL,,,,,,3B/UTIL
89593-82614,1B,Pete,Pete Alonso,Alonso,16.004762195405505,21,4400,NYM@SF,NYM,SF,,,,,,C/1B/UTIL
89593-68544,3B,Matt,Matt Chapman,Chapman,15.268421373869243,19,4400,TOR@NYY,TOR,NYY,,,,,4,3B/UTIL
89593-79393,OF/SS,Fernando,Fernando Tatis Jr.,Tatis Jr.,1.5,2,4400,SD@ARI,SD,ARI,,,,,,SS/OF/UTIL
89593-52175,1B,Matt,Matt Olson,Olson,14.9,20,4300,HOU@ATL,ATL,HOU,,,,,,C/1B/UTIL
89593-60643,OF,Aaron,Aaron Judge,Judge,12.885000610351563,20,4300,TOR@NYY,NYY,TOR,,,,,2,OF/UTIL
89593-85260,3B,Patrick,Patrick Wisdom,Wisdom,16.188888549804688,18,4300,LAD@CHC,CHC,LAD,,,,,6,3B/UTIL
89593-102621,SS,Wander,Wander Franco,Franco,13.089473523591694,19,4200,CWS@TB,TB,CWS,,,,,,SS/UTIL
89593-16952,SS,Francisco,Francisco Lindor,Lindor,13.566666376023065,21,4200,NYM@SF,NYM,SF,,,,,,SS/UTIL
89593-52176,3B,Max,Max Muncy,Muncy,13.730000305175782,20,4200,LAD@CHC,LAD,CHC,,,,,,3B/UTIL
89593-82536,OF,Cedric,Cedric Mullins,Mullins,13.910525673314146,19,4100,DET@BAL,BAL,DET,,,,,,OF/UTIL
89593-12933,OF,Mike,Mike Trout,Trout,12.394444783528646,18,4100,KC@LAA,LAA,KC,,,,,,OF/UTIL
89593-68593,SS,Jorge,Jorge Mateo,Mateo,14.975000381469727,16,4100,DET@BAL,BAL,DET,DTD,Hip,,,,SS/UTIL
89593-102400,OF,Julio,Julio Rodriguez,Rodriguez,13.669999694824218,20,4000,STL@SEA,SEA,STL,,,,,,OF/UTIL
89593-119307,C,Adley,Adley Rutschman,Rutschman,12.473684210526315,19,4000,DET@BAL,BAL,DET,,,,,,C/1B/UTIL
89593-85261,OF,Randy,Randy Arozarena,Arozarena,14.368421052631579,19,4000,CWS@TB,TB,CWS,,,,,,OF/UTIL
89593-79230,OF,Bryan,Bryan Reynolds,Reynolds,12.52857171921503,21,4000,CIN@PIT,PIT,CIN,,,,,,OF/UTIL
89593-85504,2B,Brandon,Brandon Lowe,Lowe,14.758823170381433,17,4000,CWS@TB,TB,CWS,,,,,,2B/UTIL
89593-82440,OF,Shohei,Shohei Ohtani,Ohtani,11.152631257709704,19,3900,KC@LAA,LAA,KC,,,,,,OF/UTIL
89593-82624,C,Sean,Sean Murphy,Murphy,13.77647040872013,17,3900,HOU@ATL,ATL,HOU,,,,,,C/1B/UTIL
89593-37982,SS,Xander,Xander Bogaerts,Bogaerts,12.12727217240767,22,3900,SD@ARI,SD,ARI,,,,,,SS/UTIL
89593-79125,OF,Kyle,Kyle Tucker,Tucker,12.444999694824219,20,3900,HOU@ATL,HOU,ATL,,,,,,OF/UTIL
89593-102301,2B,Nico,Nico Hoerner,Hoerner,14.468420731393914,19,3900,LAD@CHC,CHC,LAD,,,,,1,2B/UTIL
89593-38976,3B,Jose,Jose Ramirez,Ramirez,12.421052631578947,19,3800,MIA@CLE,CLE,MIA,,,,,,3B/UTIL
89593-21705,2B,Marcus,Marcus Semien,Semien,14.084210847553454,19,3800,OAK@TEX,TEX,OAK,,,,,,2B/UTIL
89593-79082,1B,Ryan,Ryan Mountcastle,Mountcastle,12.968420731393914,19,3800,DET@BAL,BAL,DET,,,,,,C/1B/UTIL
89593-79154,OF,Brandon,Brandon Marsh,Marsh,12.415789152446546,19,3800,COL@PHI,PHI,COL,,,,,8,OF/UTIL
89593-39151,OF,Mookie,Mookie Betts,Betts,10.24210558439556,19,3700,LAD@CHC,LAD,CHC,,,,,,OF/UTIL
89593-82654,SS,Bo,Bo Bichette,Bichette,11.669999694824218,20,3700,TOR@NYY,TOR,NYY,,,,,2,SS/UTIL
89593-79401,C,Will,Will Smith,Smith,15.163636641068893,11,3700,LAD@CHC,LAD,CHC,IL,Concussion,,,,C/1B/UTIL
89593-102308,2B,Jonathan,Jonathan India,India,12.219999694824219,20,3700,CIN@PIT,CIN,PIT,,,,,,2B/UTIL
89593-135216,OF,Chas,Chas McCormick,McCormick,14.445453990589488,11,3600,HOU@ATL,HOU,ATL,IL,Back,,,,OF/UTIL
89593-65881,SS,Trea,Trea Turner,Turner,11,21,3600,COL@PHI,PHI,COL,,,,,1,SS/UTIL
89593-12968,1B,Paul,Paul Goldschmidt,Goldschmidt,11.889473362972861,19,3600,STL@SEA,STL,SEA,,,,,,C/1B/UTIL
89593-82613,2B/SS,Thairo,Thairo Estrada,Estrada,11.811111450195312,18,3600,NYM@SF,SF,NYM,,,,,,2B/SS/UTIL
89593-82617,2B/SS,Andres,Andres Gimenez,Gimenez,11.531579268606086,19,3600,MIA@CLE,CLE,MIA,,,,,,2B/SS/UTIL
89593-82734,OF,Luis,Luis Robert Jr.,Robert Jr.,11.37368453176398,19,3600,CWS@TB,CWS,TB,,,,,,OF/UTIL
89593-54068,OF,Hunter,Hunter Renfroe,Renfroe,11.609999847412109,20,3600,KC@LAA,LAA,KC,,,,,,OF/UTIL
89593-11334,1B,Freddie,Freddie Freeman,Freeman,10.747618902297248,21,3600,LAD@CHC,LAD,CHC,,,,,,C/1B/UTIL
89593-79273,1B,Vladimir,Vladimir Guerrero Jr.,Guerrero Jr.,12.425,20,3600,TOR@NYY,TOR,NYY,,,,,3,C/1B/UTIL
89593-102370,3B,Alec,Alec Bohm,Bohm,10.895238240559896,21,3600,COL@PHI,PHI,COL,,,,,2,3B/UTIL
89593-14562,2B,Jose,Jose Altuve,Altuve,11.64740228033685,154,3500,HOU@ATL,HOU,ATL,IL,Thumb,,,,2B/UTIL
89593-12940,1B,Anthony,Anthony Rizzo,Rizzo,11.421052631578947,19,3500,TOR@NYY,NYY,TOR,,,,,3,C/1B/UTIL
89593-12948,OF,Bryce,Bryce Harper,Harper,12.620689655172415,116,3500,COL@PHI,PHI,COL,IL,Elbow,,,0,OF/UTIL
89593-79074,3B,Austin,Austin Riley,Riley,11.530000305175781,20,3500,HOU@ATL,ATL,HOU,,,,,,3B/UTIL
89593-60655,SS,Willy,Willy Adames,Adames,12.140000152587891,20,3500,BOS@MIL,MIL,BOS,,,,,,SS/UTIL
89593-79092,OF,Ian,Ian Happ,Happ,13.25789441560444,19,3500,LAD@CHC,CHC,LAD,,,,,3,OF/UTIL
89593-79257,OF,Josh,Josh Lowe,Lowe,15.056249618530273,16,3500,CWS@TB,TB,CWS,,,,,,OF/UTIL
89593-38321,OF,Joey,Joey Gallo,Gallo,14.469999694824219,10,3500,WSH@MIN,MIN,WSH,,,,,2,OF/UTIL
89593-102415,2B,Nolan,Nolan Gorman,Gorman,12.566666497124565,18,3400,STL@SEA,STL,SEA,,,,,,2B/UTIL
89593-154711,OF,Lars,Lars Nootbaar,Nootbaar,12.883333841959635,6,3400,STL@SEA,STL,SEA,,,,,,OF/UTIL
89593-60672,SS,Tim,Tim Anderson,Anderson,12.345454822887074,11,3400,CWS@TB,CWS,TB,IL,Knee,,,,SS/UTIL
89593-79120,1B/3B,Yandy,Yandy Diaz,Diaz,14.233334011501736,18,3400,CWS@TB,TB,CWS,,,,,,C/1B/3B/UTIL
89593-13719,3B,Nolan,Nolan Arenado,Arenado,10.025,20,3400,STL@SEA,STL,SEA,,,,,,3B/UTIL
89593-79277,1B,Rowdy,Rowdy Tellez,Tellez,12.205555386013454,18,3400,BOS@MIL,MIL,BOS,,,,,,C/1B/UTIL
89593-85520,OF,Adolis,Adolis Garcia,Garcia,12.033333672417534,18,3400,OAK@TEX,TEX,OAK,,,,,,OF/UTIL
89593-163691,OF,James,James Outman,Outman,12.185713995070685,21,3400,LAD@CHC,LAD,CHC,,,,,,OF/UTIL
89593-102398,OF,Jarred,Jarred Kelenic,Kelenic,11.727778116861979,18,3400,STL@SEA,SEA,STL,,,,,,OF/UTIL
89593-119297,OF,Corbin,Corbin Carroll,Carroll,10.733333042689733,21,3300,SD@ARI,ARI,SD,,,,,,OF/UTIL
89593-119349,SS/3B,Bobby,Bobby Witt Jr.,Witt Jr.,10.484999847412109,20,3300,KC@LAA,KC,LAA,,,,,,3B/SS/UTIL
89593-16983,OF,George,George Springer,Springer,9.319999694824219,20,3300,TOR@NYY,TOR,NYY,,,,,1,OF/UTIL
89593-82553,OF,Jose,Jose Siri,Siri,16.333333333333332,6,3300,CWS@TB,TB,CWS,IL,Hamstring,,,,OF/UTIL
89593-17097,OF,Brandon,Brandon Nimmo,Nimmo,12.855000305175782,20,3300,NYM@SF,NYM,SF,,,,,,OF/UTIL
89593-13342,OF,Nick,Nick Castellanos,Castellanos,10.271428426106771,21,3300,COL@PHI,PHI,COL,,,,,4,OF/UTIL
89593-13567,2B/1B/3B,DJ,DJ LeMahieu,LeMahieu,10.493749618530273,16,3300,TOR@NYY,NYY,TOR,,,,,0,C/1B/2B/3B/UTIL
89593-79159,OF,Cody,Cody Bellinger,Bellinger,14.44210494192023,19,3300,LAD@CHC,CHC,LAD,,,,,5,OF/UTIL
89593-5456,OF,Andrew,Andrew McCutchen,McCutchen,11.87894720780222,19,3300,CIN@PIT,PIT,CIN,,,,,,OF/UTIL
89593-118120,C,Jonah,Jonah Heim,Heim,13.957142421177455,14,3300,OAK@TEX,TEX,OAK,,,,,,C/1B/UTIL
89593-79282,OF,Juan,Juan Soto,Soto,10.14090936834162,22,3300,SD@ARI,SD,ARI,,,,,,OF/UTIL
89593-101842,1B,Ty,Ty France,France,12.344999694824219,20,3300,STL@SEA,SEA,STL,,,,,,C/1B/UTIL
89593-81953,OF,Austin,Austin Hays,Hays,11.905262997275905,19,3200,DET@BAL,BAL,DET,,,,,,OF/UTIL
89593-38965,1B,C.J.,C.J. Cron,Cron,9.88888888888889,18,3200,COL@PHI,COL,PHI,,,,,4,C/1B/UTIL
89593-119345,SS,Jeremy,Jeremy Pena,Pena,11.69000015258789,20,3200,HOU@ATL,HOU,ATL,,,,,,SS/UTIL
89593-82530,OF,Pavin,Pavin Smith,Smith,13.711111280653212,9,3200,SD@ARI,ARI,SD,,,,,,OF/UTIL
89593-68525,3B,J.D.,J.D. Davis,Davis,9.938888549804688,18,3200,NYM@SF,SF,NYM,,,,,,3B/UTIL
89593-68586,SS,Dansby,Dansby Swanson,Swanson,11.483333163791233,18,3200,LAD@CHC,CHC,LAD,,,,,2,SS/UTIL
89593-68588,2B,Gleyber,Gleyber Torres,Torres,10.475,20,3200,TOR@NYY,NYY,TOR,,,,,4,2B/UTIL
89593-179272,3B,Spencer,Spencer Steer,Steer,10.017647238338695,17,3200,CIN@PIT,CIN,PIT,,,,,,3B/UTIL
89593-167012,OF,Seiya,Seiya Suzuki,Suzuki,12.400000435965401,7,3200,LAD@CHC,CHC,LAD,,,,,4,OF/UTIL
89593-60642,OF,Michael,Michael Conforto,Conforto,11.213333129882812,15,3200,NYM@SF,SF,NYM,,,,,,OF/UTIL
89593-13540,OF,J.D.,J.D. Martinez,Martinez,10.571428571428571,21,3200,LAD@CHC,LAD,CHC,,,,,,OF/UTIL
89593-13596,OF,Trayce,Trayce Thompson,Thompson,9.059999593098958,15,3200,LAD@CHC,LAD,CHC,,,,,,OF/UTIL
89593-85285,1B,Nathaniel,Nathaniel Lowe,Lowe,10.599999678762336,19,3200,OAK@TEX,TEX,OAK,,,,,,C/1B/UTIL
89593-79151,OF,Taylor,Taylor Ward,Ward,9.490000152587891,20,3200,KC@LAA,LAA,KC,,,,,,OF/UTIL
89593-5763,OF,Nelson,Nelson Cruz,Cruz,9.285714285714286,14,3200,SD@ARI,SD,ARI,,,,,,OF/UTIL
89593-163666,OF,Steven,Steven Kwan,Kwan,10.463158055355674,19,3200,MIA@CLE,CLE,MIA,,,,,,OF/UTIL
89593-163696,OF,Jack,Jack Suwinski,Suwinski,11.599999564034599,14,3200,CIN@PIT,PIT,CIN,,,,,,OF/UTIL
89593-12302,OF,Giancarlo,Giancarlo Stanton,Stanton,11.838461068960337,13,3100,TOR@NYY,NYY,TOR,IL,Hamstring,,,0,OF/UTIL
89593-135190,SS/3B/2B,Taylor,Taylor Walls,Walls,14.3999997652494,13,3100,CWS@TB,TB,CWS,,,,,,2B/3B/SS/UTIL
89593-102438,SS,Geraldo,Geraldo Perdomo,Perdomo,11.713333129882812,15,3100,SD@ARI,ARI,SD,,,,,,SS/UTIL
89593-61553,3B,Yoan,Yoan Moncada,Moncada,11.033333672417534,9,3100,CWS@TB,CWS,TB,IL,Back,,,,3B/UTIL
89593-16951,3B,Anthony,Anthony Rendon,Rendon,8.746153611403246,13,3100,KC@LAA,LAA,KC,,,,,,3B/UTIL
89593-23107,OF,Jorge,Jorge Soler,Soler,11.505882711971507,17,3100,MIA@CLE,MIA,CLE,,,,,,OF/UTIL
89593-113309,3B,Josh,Josh Rojas,Rojas,10.847058464499082,17,3100,SD@ARI,ARI,SD,,,,,,3B/UTIL
89593-53993,OF,Harold,Harold Ramirez,Ramirez,12.033333333333333,15,3100,CWS@TB,TB,CWS,,,,,,OF/UTIL
89593-68531,3B/OF,Brian,Brian Anderson,Anderson,10.555000305175781,20,3100,BOS@MIL,MIL,BOS,,,,,,3B/OF/UTIL
89593-52147,OF,Kris,Kris Bryant,Bryant,9.55999984741211,20,3100,COL@PHI,COL,PHI,,,,,3,OF/UTIL
89593-97257,OF,Myles,Myles Straw,Straw,10.266666836208767,18,3100,MIA@CLE,CLE,MIA,,,,,,OF/UTIL
89593-13326,C,Christian,Christian Bethancourt,Bethancourt,12.191666920979818,12,3100,CWS@TB,TB,CWS,,,,,,C/1B/UTIL
89593-21609,OF,Christian,Christian Yelich,Yelich,11.319999694824219,20,3100,BOS@MIL,MIL,BOS,,,,,,OF/UTIL
89593-60631,OF,Kyle,Kyle Schwarber,Schwarber,10.504762195405506,21,3100,COL@PHI,PHI,COL,,,,,3,OF/UTIL
89593-79160,OF,Alex,Alex Verdugo,Verdugo,11.97142828078497,21,3100,BOS@MIL,BOS,MIL,,,,,,OF/UTIL
89593-101827,2B/1B,Luis,Luis Arraez,Arraez,10.272221883138021,18,3100,MIA@CLE,MIA,CLE,,,,,,C/1B/2B/UTIL
89593-101910,OF,Connor,Connor Joe,Joe,12.975000381469727,16,3100,CIN@PIT,PIT,CIN,,,,,,OF/UTIL
89593-81622,C,Mitch,Mitch Garver,Garver,12.633333841959635,6,3100,OAK@TEX,TEX,OAK,IL,Knee,,,,C/1B/UTIL
89593-135260,C,Logan,Logan O'Hoppe,O'Hoppe,10.21875,16,3000,KC@LAA,LAA,KC,IL,Shoulder,,,,C/1B/UTIL
89593-6312,1B/3B,Justin,Justin Turner,Turner,8.523809523809524,21,3000,BOS@MIL,BOS,MIL,,,,,,C/1B/3B/UTIL
89593-80459,1B/OF,Franchy,Franchy Cordero,Cordero,9.049999782017299,14,3000,TOR@NYY,NYY,TOR,,,,,6,C/1B/OF/UTIL
89593-16981,C,Yan,Yan Gomes,Gomes,9.950000127156576,12,3000,LAD@CHC,CHC,LAD,,,,,0,C/1B/UTIL
89593-82527,OF,Jazz,Jazz Chisholm Jr.,Chisholm Jr.,10.466666327582466,18,3000,MIA@CLE,MIA,CLE,,,,,,OF/UTIL
89593-119408,2B,Ji Hwan,Ji Hwan Bae,Bae,9.168420892012747,19,3000,CIN@PIT,PIT,CIN,,,,,,2B/UTIL
89593-82570,3B,Jake,Jake Burger,Burger,12.516666412353516,12,3000,CWS@TB,CWS,TB,,,,,,3B/UTIL
89593-119437,3B,Josh,Josh Jung,Jung,10.549999660915798,18,3000,OAK@TEX,TEX,OAK,,,,,,3B/UTIL
89593-82612,OF,Brent,Brent Rooker,Rooker,12.053845919095552,13,3000,OAK@TEX,OAK,TEX,,,,,,OF/UTIL
89593-119495,1B/OF,Andrew,Andrew Vaughn,Vaughn,10.884210686934622,19,3000,CWS@TB,CWS,TB,,,,,,C/1B/OF/UTIL
89593-68522,3B,Alex,Alex Bregman,Bregman,9.780000305175781,20,3000,HOU@ATL,HOU,ATL,,,,,,3B/UTIL
89593-68587,2B,Ozzie,Ozzie Albies,Albies,9.63000030517578,20,3000,HOU@ATL,ATL,HOU,,,,,,2B/UTIL
89593-13423,OF,Starling,Starling Marte,Marte,9.894444783528646,18,3000,NYM@SF,NYM,SF,DTD,Neck,,,,OF/UTIL
89593-21633,3B,Eugenio,Eugenio Suarez,Suarez,9.405000305175781,20,3000,STL@SEA,SEA,STL,,,,,,3B/UTIL
89593-81046,1B,Garrett,Garrett Cooper,Cooper,9.341176650103401,17,3000,MIA@CLE,MIA,CLE,,,,,,C/1B/UTIL
89593-146697,OF,Garrett,Garrett Mitchell,Mitchell,9.300000190734863,16,3000,BOS@MIL,MIL,BOS,IL,Shoulder,,,,OF/UTIL
89593-79164,OF,Stone,Stone Garrett,Garrett,13.385713849748884,7,3000,WSH@MIN,WSH,MIN,,,,,,OF/UTIL
89593-79175,OF,Trent,Trent Grisham,Grisham,9.585714431036086,21,3000,SD@ARI,SD,ARI,,,,,,OF/UTIL
89593-21853,2B,Ketel,Ketel Marte,Marte,9.92631611071135,19,3000,SD@ARI,ARI,SD,,,,,,2B/UTIL
89593-38412,SS,Corey,Corey Seager,Seager,11.490909229625355,11,3000,OAK@TEX,TEX,OAK,IL,Hamstring,,,,SS/UTIL
89593-13864,OF,Joc,Joc Pederson,Pederson,11.30999984741211,10,3000,NYM@SF,SF,NYM,IL,Wrist,,,,OF/UTIL
89593-53033,OF,Mike,Mike Yastrzemski,Yastrzemski,9.863157573499178,19,3000,NYM@SF,SF,NYM,,,,,,OF/UTIL
89593-12310,1B,Carlos,Carlos Santana,Santana,9.84000015258789,20,2900,CIN@PIT,PIT,CIN,,,,,,C/1B/UTIL
89593-102554,C,Cal,Cal Raleigh,Raleigh,9.611764346852022,17,2900,STL@SEA,SEA,STL,,,,,,C/1B/UTIL
89593-172216,3B,David,David Villar,Villar,8.850000169542101,18,2900,NYM@SF,SF,NYM,,,,,,3B/UTIL
89593-119311,OF,Jarren,Jarren Duran,Duran,14.480000305175782,5,2900,BOS@MIL,BOS,MIL,,,,,,OF/UTIL
89593-82533,OF,Daulton,Daulton Varsho,Varsho,8.747368260433799,19,2900,TOR@NYY,TOR,NYY,,,,,5,OF/UTIL
89593-119405,2B,Bryson,Bryson Stott,Stott,9.366666521344866,21,2900,COL@PHI,PHI,COL,,,,,0,2B/UTIL
89593-12931,OF,Wil,Wil Myers,Myers,8.05789505807977,19,2900,CIN@PIT,CIN,PIT,,,,,,OF/UTIL
89593-82574,3B,Isaac,Isaac Paredes,Paredes,8.73888905843099,18,2900,CWS@TB,TB,CWS,,,,,,3B/UTIL
89593-13099,C,Travis,Travis d'Arnaud,d'Arnaud,8.637499809265137,8,2900,HOU@ATL,ATL,HOU,IL,Concussion,,,,C/1B/UTIL
89593-83155,OF,Ramon,Ramon Laureano,Laureano,8.8,15,2900,OAK@TEX,OAK,TEX,IL,Groin,,,,OF/UTIL
89593-38112,SS/3B,Gio,Gio Urshela,Urshela,9.029411764705882,17,2900,KC@LAA,LAA,KC,,,,,,3B/SS/UTIL
89593-70898,2B/OF,Adam,Adam Frazier,Frazier,9.010526155170641,19,2900,DET@BAL,BAL,DET,,,,,,2B/OF/UTIL
89593-85307,2B,Jeff,Jeff McNeil,McNeil,9.704762050083705,21,2900,NYM@SF,NYM,SF,,,,,,2B/UTIL
89593-73023,OF,Teoscar,Teoscar Hernandez,Hernandez,9.50500030517578,20,2900,STL@SEA,SEA,STL,,,,,,OF/UTIL
89593-13638,1B/3B/2B,Wilmer,Wilmer Flores,Flores,8.350000381469727,16,2900,NYM@SF,SF,NYM,,,,,,C/1B/2B/3B/UTIL
89593-79216,3B,Ke'Bryan,Ke'Bryan Hayes,Hayes,8.984999847412109,20,2900,CIN@PIT,PIT,CIN,,,,,,3B/UTIL
89593-79249,OF,Harrison,Harrison Bader,Bader,8.781052760074013,95,2900,TOR@NYY,NYY,TOR,IL,Oblique,,,0,OF/UTIL
89593-101811,OF,Sam,Sam Hilliard,Hilliard,8.757142748151507,14,2900,HOU@ATL,ATL,HOU,,,,,,OF/UTIL
89593-118210,1B/2B,Jake,Jake Cronenworth,Cronenworth,9.152380807059151,21,2900,SD@ARI,SD,ARI,,,,,,C/1B/2B/UTIL
89593-73159,OF,Mitch,Mitch Haniger,Haniger,9.76774154170867,62,2900,NYM@SF,SF,NYM,IL,Oblique,,,,OF/UTIL
89593-13792,SS/OF,Kike,Kike Hernandez,Hernandez,9.938095092773438,21,2900,BOS@MIL,BOS,MIL,,,,,,SS/OF/UTIL
89593-5607,3B,Evan,Evan Longoria,Longoria,9.59000015258789,10,2900,SD@ARI,ARI,SD,,,,,,3B/UTIL
89593-71182,1B/3B,Jeimer,Jeimer Candelario,Candelario,9.015789634303042,19,2900,WSH@MIN,WSH,MIN,,,,,,C/1B/3B/UTIL
89593-13929,3B,Manny,Manny Machado,Machado,6.2136362249201,22,2900,SD@ARI,SD,ARI,,,,,,3B/UTIL
89593-165571,1B,Vinnie,Vinnie Pasquantino,Pasquantino,8.930000305175781,20,2900,KC@LAA,KC,LAA,,,,,,C/1B/UTIL
89593-38614,SS,Carlos,Carlos Correa,Correa,7.59375,16,2900,WSH@MIN,MIN,WSH,,,,,3,SS/UTIL
89593-181987,OF,Masataka,Masataka Yoshida,Yoshida,10.02000020345052,15,2900,BOS@MIL,BOS,MIL,,,,,,OF/UTIL
89593-163706,2B,Brendan,Brendan Donovan,Donovan,8.927777608235678,18,2900,STL@SEA,STL,SEA,,,,,,2B/UTIL
89593-102296,OF,TJ,TJ Friedl,Friedl,8.99499969482422,20,2900,CIN@PIT,CIN,PIT,,,,,,OF/UTIL
89593-38872,OF,Jesse,Jesse Winker,Winker,8.72499974568685,12,2900,BOS@MIL,MIL,BOS,,,,,,OF/UTIL
89593-39086,OF,Byron,Byron Buxton,Buxton,8.966666327582466,18,2800,WSH@MIN,MIN,WSH,,,,,1,OF/UTIL
89593-119343,OF,Riley,Riley Greene,Greene,9.094444274902344,18,2800,DET@BAL,DET,BAL,,,,,,OF/UTIL
89593-119368,C,Ryan,Ryan Jeffers,Jeffers,8.944444444444445,9,2800,WSH@MIN,MIN,WSH,,,,,0,C/1B/UTIL
89593-119396,SS,Anthony,Anthony Volpe,Volpe,8.519999694824218,20,2800,TOR@NYY,NYY,TOR,,,,,1,SS/UTIL
89593-17139,C,J.T.,J.T. Realmuto,Realmuto,9.077777438693577,18,2800,COL@PHI,PHI,COL,,,,,5,C/1B/UTIL
89593-70562,2B/OF,Whit,Whit Merrifield,Merrifield,9.12142835344587,14,2800,TOR@NYY,TOR,NYY,,,,,8,2B/OF/UTIL
89593-13229,OF,Charlie,Charlie Blackmon,Blackmon,8.568421213250412,19,2800,COL@PHI,COL,PHI,,,,,1,OF/UTIL
89593-13266,C,Salvador,Salvador Perez,Perez,6.868421052631579,19,2800,KC@LAA,KC,LAA,,,,,,C/1B/UTIL
89593-173078,OF,Alex,Alex Call,Call,7.947059182559743,17,2800,WSH@MIN,WSH,MIN,,,,,,OF/UTIL
89593-54307,C,Elias,Elias Diaz,Diaz,8.444999694824219,20,2800,COL@PHI,COL,PHI,,,,,5,C/1B/UTIL
89593-37983,C,Mike,Mike Zunino,Zunino,9.476922842172476,13,2800,MIA@CLE,CLE,MIA,,,,,,C/1B/UTIL
89593-21612,SS,Nick,Nick Ahmed,Ahmed,8.316666920979818,12,2800,SD@ARI,ARI,SD,,,,,,SS/UTIL
89593-21666,OF,Mark,Mark Canha,Canha,9.125,20,2800,NYM@SF,NYM,SF,,,,,,OF/UTIL
89593-38223,OF,Travis,Travis Jankowski,Jankowski,8.607692425067608,13,2800,OAK@TEX,TEX,OAK,,,,,,OF/UTIL
89593-21874,2B,Jorge,Jorge Polanco,Polanco,3,1,2800,WSH@MIN,MIN,WSH,,,,,5,2B/UTIL
89593-79218,SS,Kevin,Kevin Newman,Newman,7.269230769230769,13,2800,CIN@PIT,CIN,PIT,,,,,,SS/UTIL
89593-21887,C,Willson,Willson Contreras,Contreras,9.81578947368421,19,2800,STL@SEA,STL,SEA,,,,,,C/1B/UTIL
89593-101787,1B,LaMonte,LaMonte Wade Jr.,Wade Jr.,8.117647058823529,17,2800,NYM@SF,SF,NYM,,,,,,C/1B/UTIL
89593-79272,OF,Lourdes,Lourdes Gurriel Jr.,Gurriel Jr.,8.700000339084202,18,2800,SD@ARI,ARI,SD,,,,,,OF/UTIL
89593-101844,OF,Lane,Lane Thomas,Thomas,8.357894897460938,19,2800,WSH@MIN,WSH,MIN,,,,,,OF/UTIL
89593-101850,3B/2B,Ramon,Ramon Urias,Urias,7.626666768391927,15,2800,DET@BAL,BAL,DET,,,,,,2B/3B/UTIL
89593-13909,OF,Randal,Randal Grichuk,Grichuk,8.496478873239436,142,2800,COL@PHI,COL,PHI,IL,Groin,,,0,OF/UTIL
89593-102362,OF,Trevor,Trevor Larnach,Larnach,8.955000305175782,20,2800,WSH@MIN,MIN,WSH,,,,,6,OF/UTIL
89593-102392,OF,Esteury,Esteury Ruiz,Ruiz,9.144999694824218,20,2800,OAK@TEX,OAK,TEX,,,,,,OF/UTIL
89593-135203,1B,Spencer,Spencer Torkelson,Torkelson,8.172222561306423,18,2700,DET@BAL,DET,BAL,,,,,,C/1B/UTIL
89593-184479,OF,Corey,Corey Julks,Julks,8.664285932268415,14,2700,HOU@ATL,HOU,ATL,,,,,,OF/UTIL
89593-102591,OF,Jake,Jake Fraley,Fraley,8.5,18,2700,CIN@PIT,CIN,PIT,,,,,,OF/UTIL
89593-135364,OF/3B,Jordan,Jordan Walker,Walker,9.05789505807977,19,2700,STL@SEA,STL,SEA,,,,,,3B/OF/UTIL
89593-119303,C,Shea,Shea Langeliers,Langeliers,8.447059182559743,17,2700,OAK@TEX,OAK,TEX,,,,,,C/1B/UTIL
89593-119306,3B/SS,Gunnar,Gunnar Henderson,Henderson,8.876470229204964,17,2700,DET@BAL,BAL,DET,,,,,,3B/SS/UTIL
89593-21074,OF,Michael A.,Michael A. Taylor,Taylor,7.194736681486431,19,2700,WSH@MIN,MIN,WSH,,,,,9,OF/UTIL
89593-119410,SS,CJ,CJ Abrams,Abrams,7.538888719346788,18,2700,WSH@MIN,WSH,MIN,,,,,,SS/UTIL
89593-82586,C/OF,MJ,MJ Melendez,Melendez,7.105555640326606,18,2700,KC@LAA,KC,LAA,,,,,,C/1B/OF/UTIL
89593-82593,C,Keibert,Keibert Ruiz,Ruiz,6.729411854463465,17,2700,WSH@MIN,WSH,MIN,,,,,,C/1B/UTIL
89593-12961,SS,Brandon,Brandon Crawford,Crawford,6.83999989827474,15,2700,NYM@SF,SF,NYM,DTD,Ribs,,,,SS/UTIL
89593-53994,1B,Josh,Josh Bell,Bell,7.944444444444445,18,2700,MIA@CLE,CLE,MIA,,,,,,C/1B/UTIL
89593-17167,3B/OF,Brad,Brad Miller,Miller,7.363636363636363,11,2700,OAK@TEX,TEX,OAK,,,,,,3B/OF/UTIL
89593-68495,OF,Andrew,Andrew Benintendi,Benintendi,9.099999820484834,17,2700,CWS@TB,CWS,TB,,,,,,OF/UTIL
89593-68514,2B/3B,Ryan,Ryan McMahon,McMahon,9.790476481119791,21,2700,COL@PHI,COL,PHI,,,,,6,2B/3B/UTIL
89593-52180,OF,Austin,Austin Meadows,Meadows,4.166666666666667,6,2700,DET@BAL,DET,BAL,IL,Personal,,,,OF/UTIL
89593-13487,OF,Tommy,Tommy Pham,Pham,7.006249904632568,16,2700,NYM@SF,NYM,SF,,,,,,OF/UTIL
89593-79108,OF,Nick,Nick Senzel,Senzel,7,8,2700,CIN@PIT,CIN,PIT,,,,,,OF/UTIL
89593-79110,C,Tyler,Tyler Stephenson,Stephenson,7.655000305175781,20,2700,CIN@PIT,CIN,PIT,,,,,,C/1B/UTIL
89593-38218,1B,Christian,Christian Walker,Walker,7.844999694824219,20,2700,SD@ARI,ARI,SD,,,,,,C/1B/UTIL
89593-79181,SS/OF,Mauricio,Mauricio Dubon,Dubon,9.487500190734863,16,2700,HOU@ATL,HOU,ATL,,,,,,SS/OF/UTIL
89593-79225,3B/SS/2B,Luis,Luis Urias,Urias,0,1,2700,BOS@MIL,MIL,BOS,IL,Hamstring,,,,2B/3B/SS/UTIL
89593-38282,1B,Daniel,Daniel Vogelbach,Vogelbach,6.886666870117187,15,2700,NYM@SF,NYM,SF,,,,,,C/1B/UTIL
89593-79247,SS/3B,Edmundo,Edmundo Sosa,Sosa,6.885714394705636,14,2700,COL@PHI,PHI,COL,,,,,6,3B/SS/UTIL
89593-101807,C,Seby,Seby Zavala,Zavala,7.349999904632568,8,2700,CWS@TB,CWS,TB,,,,,,C/1B/UTIL
89593-136672,OF,Michael,Michael Harris II,Harris II,7.014285496303013,7,2700,HOU@ATL,ATL,HOU,IL,Back,,,,OF/UTIL
89593-38561,OF/2B/SS,Chris,Chris Taylor,Taylor,7.113333129882813,15,2700,LAD@CHC,LAD,CHC,DTD,Side,,,,2B/SS/OF/UTIL
89593-165693,OF,Alec,Alec Burleson,Burleson,8.356249809265137,16,2700,STL@SEA,STL,SEA,,,,,,OF/UTIL
89593-12113,3B,Josh,Josh Donaldson,Donaldson,5.579999923706055,5,2700,TOR@NYY,NYY,TOR,IL,Hamstring,,,0,3B/UTIL
89593-102303,1B,Triston,Triston Casas,Casas,6.705000305175782,20,2700,BOS@MIL,BOS,MIL,,,,,,C/1B/UTIL
89593-108450,SS,Tommy,Tommy Edman,Edman,8.80526331851357,19,2700,STL@SEA,STL,SEA,,,,,,SS/UTIL
89593-102353,2B,Brice,Brice Turang,Turang,8.215789794921875,19,2700,BOS@MIL,MIL,BOS,,,,,,2B/UTIL
89593-102363,OF,Luke,Luke Raley,Raley,7.018750190734863,16,2700,CWS@TB,TB,CWS,,,,,,OF/UTIL
89593-102412,3B,Elehuris,Elehuris Montero,Montero,7.060000101725261,15,2600,COL@PHI,COL,PHI,,,,,0,3B/UTIL
89593-79884,OF,Anthony,Anthony Santander,Santander,7.282353120691636,17,2600,DET@BAL,BAL,DET,,,,,,OF/UTIL
89593-135239,2B/SS,Rodolfo,Rodolfo Castro,Castro,7.619999694824219,20,2600,CIN@PIT,PIT,CIN,,,,,,2B/SS/UTIL
89593-145590,1B/3B,Jason,Jason Vosler,Vosler,6.957894576223273,19,2600,CIN@PIT,CIN,PIT,,,,,,C/1B/3B/UTIL
89593-53757,OF,Rob,Rob Refsnyder,Refsnyder,7.087500095367432,16,2600,BOS@MIL,BOS,MIL,,,,,,OF/UTIL
89593-119404,3B,Nick,Nick Maton,Maton,7.747058644014246,17,2600,DET@BAL,DET,BAL,,,,,,3B/UTIL
89593-12928,1B,Eric,Eric Hosmer,Hosmer,7.512499809265137,16,2600,LAD@CHC,CHC,LAD,,,,,7,C/1B/UTIL
89593-119442,C,Gabriel,Gabriel Moreno,Moreno,7.537499904632568,16,2600,SD@ARI,ARI,SD,,,,,,C/1B/UTIL
89593-164502,2B/SS,Vaughn,Vaughn Grissom,Grissom,5.785714285714286,7,2600,HOU@ATL,ATL,HOU,,,,,,2B/SS/UTIL
89593-119444,C,Alejandro,Alejandro Kirk,Kirk,7.553333536783854,15,2600,TOR@NYY,TOR,NYY,,,,,6,C/1B/UTIL
89593-146160,2B,Ha-Seong,Ha-Seong Kim,Kim,5.990000152587891,20,2600,SD@ARI,SD,ARI,,,,,,2B/UTIL
89593-13152,1B/3B/OF,Matt,Matt Carpenter,Carpenter,6.643750190734863,16,2600,SD@ARI,SD,ARI,,,,,,C/1B/3B/OF/UTIL
89593-11129,OF,Jason,Jason Heyward,Heyward,6.646666463216146,15,2600,LAD@CHC,LAD,CHC,,,,,,OF/UTIL
89593-101276,2B/3B/SS,Jon,Jon Berti,Berti,6.899999830457899,18,2600,MIA@CLE,MIA,CLE,,,,,,2B/3B/SS/UTIL
89593-13262,SS/OF,Jurickson,Jurickson Profar,Profar,6.861111111111111,18,2600,COL@PHI,COL,PHI,,,,,2,SS/OF/UTIL
89593-52187,1B,Ji Man,Ji Man Choi,Choi,5.511110941569011,9,2600,CIN@PIT,PIT,CIN,IL,Achilles,,,,C/1B/UTIL
89593-171037,C,Jason,Jason Delay,Delay,8.38000030517578,10,2600,CIN@PIT,PIT,CIN,,,,,,C/1B/UTIL
89593-83164,OF,Jake,Jake Cave,Cave,6.770588145536535,17,2600,COL@PHI,PHI,COL,,,,,0,OF/UTIL
89593-79093,OF,Eloy,Eloy Jimenez,Jimenez,7.541666666666667,12,2600,CWS@TB,CWS,TB,,,,,,OF/UTIL
89593-79122,3B,Nolan,Nolan Jones,Jones,7.053571428571429,28,2600,COL@PHI,COL,PHI,,,,,0,3B/UTIL
89593-85268,1B,Joey,Joey Meneses,Meneses,6.872222052680121,18,2600,WSH@MIN,WSH,MIN,,,,,,C/1B/UTIL
89593-79223,1B/OF,Josh,Josh Naylor,Naylor,6.4882354736328125,17,2600,MIA@CLE,CLE,MIA,,,,,,C/1B/OF/UTIL
89593-21890,SS/3B/2B,Orlando,Orlando Arcia,Arcia,10.807692307692308,13,2600,HOU@ATL,ATL,HOU,IL,Wrist,,,,2B/3B/SS/UTIL
89593-101817,2B/3B/SS,Luis,Luis Rengifo,Rengifo,7.694117826573989,17,2600,KC@LAA,LAA,KC,,,,,,2B/3B/SS/UTIL
89593-181814,2B,Edouard,Edouard Julien,Julien,8.600000381469727,8,2600,WSH@MIN,MIN,WSH,,,,,0,2B/UTIL
89593-116450,1B/OF,Seth,Seth Brown,Brown,7.300000190734863,8,2600,OAK@TEX,OAK,TEX,IL,Oblique,,,,C/1B/OF/UTIL
89593-102284,C,William,William Contreras,Contreras,6.912499904632568,16,2600,BOS@MIL,MIL,BOS,,,,,,C/1B/UTIL
89593-102307,SS,Jose,Jose Barrero,Barrero,7.229411854463465,17,2600,CIN@PIT,CIN,PIT,,,,,,SS/UTIL
89593-102389,SS,Oneil,Oneil Cruz,Cruz,12.377777947319878,9,2600,CIN@PIT,PIT,CIN,IL,Lower leg,,,,SS/UTIL
89593-79918,C,Kyle,Kyle Higashioka,Higashioka,6.622222052680121,9,2500,TOR@NYY,NYY,TOR,,,,,0,C/1B/UTIL
89593-38973,OF,Tyrone,Tyrone Taylor,Taylor,7.794166564941406,120,2500,BOS@MIL,MIL,BOS,IL,Elbow,,,,OF/UTIL
89593-102518,3B/1B,Jose,Jose Miranda,Miranda,5.95,20,2500,WSH@MIN,MIN,WSH,,,,,7,C/1B/3B/UTIL
89593-6273,OF,Michael,Michael Brantley,Brantley,9.009230393629808,65,2500,HOU@ATL,HOU,ATL,IL,Shoulder,,,,OF/UTIL
89593-53401,1B/OF,Trey,Trey Mancini,Mancini,8.512499809265137,16,2500,LAD@CHC,CHC,LAD,,,,,8,C/1B/OF/UTIL
89593-84133,OF,Franmil,Franmil Reyes,Reyes,7.142857142857143,14,2500,KC@LAA,KC,LAA,IL,Personal,,,,OF/UTIL
89593-145611,SS,Oswald,Oswald Peraza,Peraza,7.099999904632568,4,2500,TOR@NYY,NYY,TOR,,,,,9,SS/UTIL
89593-49523,1B,Jose,Jose Abreu,Abreu,6.725,20,2500,HOU@ATL,HOU,ATL,,,,,,C/1B/UTIL
89593-16948,2B,Kolten,Kolten Wong,Wong,3.918750047683716,16,2500,STL@SEA,SEA,STL,,,,,,2B/UTIL
89593-119372,2B,Miguel,Miguel Vargas,Vargas,6.794737163342927,19,2500,LAD@CHC,LAD,CHC,,,,,,2B/UTIL
89593-53844,1B/2B/3B,Matt,Matt Duffy,Duffy,4.391666730244954,12,2500,KC@LAA,KC,LAA,,,,,,C/1B/2B/3B/UTIL
89593-82569,1B/OF,Gavin,Gavin Sheets,Sheets,7.98181845925071,11,2500,CWS@TB,CWS,TB,,,,,,C/1B/OF/UTIL
89593-82596,C,Jake,Jake Rogers,Rogers,7.775000254313151,12,2500,DET@BAL,DET,BAL,,,,,,C/1B/UTIL
89593-12970,OF,AJ,AJ Pollock,Pollock,6.94545468417081,11,2500,STL@SEA,SEA,STL,,,,,,OF/UTIL
89593-82611,OF,Akil,Akil Baddoo,Baddoo,5.527272657914595,11,2500,DET@BAL,DET,BAL,,,,,,OF/UTIL
89593-17086,OF,Marcell,Marcell Ozuna,Ozuna,4.706666564941406,15,2500,HOU@ATL,ATL,HOU,,,,,,OF/UTIL
89593-82660,2B/SS,Luis,Luis Garcia,Garcia,6.928571428571429,14,2500,WSH@MIN,WSH,MIN,,,,,,2B/SS/UTIL
89593-68471,2B/OF,Tony,Tony Kemp,Kemp,7.244444105360243,18,2500,OAK@TEX,OAK,TEX,,,,,,2B/OF/UTIL
89593-13239,3B,Eduardo,Eduardo Escobar,Escobar,6.512499809265137,16,2500,NYM@SF,NYM,SF,,,,,,3B/UTIL
89593-68547,OF,Tyler,Tyler O'Neill,O'Neill,7.888888888888889,18,2500,STL@SEA,STL,SEA,,,,,,OF/UTIL
89593-52164,SS,Adalberto,Adalberto Mondesi,Mondesi,5.53999989827474,15,2500,BOS@MIL,BOS,MIL,IL,Knee,,,,SS/UTIL
89593-52170,1B,Dominic,Dominic Smith,Smith,6.188235114602482,17,2500,WSH@MIN,WSH,MIN,,,,,,C/1B/UTIL
89593-68563,OF,Victor,Victor Robles,Robles,6.833333333333333,18,2500,WSH@MIN,WSH,MIN,,,,,,OF/UTIL
89593-52179,SS,J.P.,J.P. Crawford,Crawford,7.084999847412109,20,2500,STL@SEA,SEA,STL,,,,,,SS/UTIL
89593-52182,C,Reese,Reese McGuire,McGuire,6.215384850135217,13,2500,BOS@MIL,BOS,MIL,,,,,,C/1B/UTIL
89593-68582,2B,Brendan,Brendan Rodgers,Rodgers,9.006521916043932,138,2500,COL@PHI,COL,PHI,IL,Shoulder,,,0,2B/UTIL
89593-68589,SS/OF,Amed,Amed Rosario,Rosario,9.457142421177455,14,2500,MIA@CLE,CLE,MIA,,,,,,SS/OF/UTIL
89593-171112,1B,Sean,Sean Bouchard,Bouchard,9.048148261176216,27,2500,COL@PHI,COL,PHI,IL,Biceps,,,0,C/1B/UTIL
89593-54401,OF,Manuel,Manuel Margot,Margot,6.911111195882161,18,2500,CWS@TB,TB,CWS,,,,,,OF/UTIL
89593-83173,C,Jose,Jose Trevino,Trevino,7.108333587646484,12,2500,TOR@NYY,NYY,TOR,,,,,7,C/1B/UTIL
89593-38117,OF,Adam,Adam Duvall,Duvall,24.774999618530273,8,2500,BOS@MIL,BOS,MIL,IL,Wrist,,,,OF/UTIL
89593-21875,OF,Max,Max Kepler,Kepler,8.080000305175782,10,2500,WSH@MIN,MIN,WSH,,,,,4,OF/UTIL
89593-21885,SS/2B,Javier,Javier Baez,Baez,6.277777777777778,18,2500,DET@BAL,DET,BAL,,,,,,2B/SS/UTIL
89593-79263,OF,Leody,Leody Taveras,Taveras,7.474999904632568,8,2500,OAK@TEX,TEX,OAK,,,,,,OF/UTIL
89593-13854,OF,Robbie,Robbie Grossman,Grossman,6.662499904632568,16,2500,OAK@TEX,TEX,OAK,,,,,,OF/UTIL
89593-13961,OF,Kevin,Kevin Kiermaier,Kiermaier,7.670587876263787,17,2500,TOR@NYY,TOR,NYY,,,,,0,OF/UTIL
89593-181990,OF,Blake,Blake Sabol,Sabol,6.878571646554129,14,2500,NYM@SF,SF,NYM,,,,,,OF/UTIL
89593-163686,SS/3B/OF,Oswaldo,Oswaldo Cabrera,Cabrera,6.9411764705882355,17,2500,TOR@NYY,NYY,TOR,,,,,8,3B/SS/OF/UTIL
89593-157797,OF,Bryan,Bryan De La Cruz,De La Cruz,6.794117647058823,17,2400,MIA@CLE,MIA,CLE,,,,,,OF/UTIL
89593-178304,2B/SS,David,David Hensley,Hensley,5.085714067731585,14,2400,HOU@ATL,HOU,ATL,,,,,,2B/SS/UTIL
89593-176691,OF,Kerry,Kerry Carpenter,Carpenter,8.446666463216145,15,2400,DET@BAL,DET,BAL,,,,,,OF/UTIL
89593-119376,3B,Brett,Brett Baty,Baty,3.125,4,2400,NYM@SF,NYM,SF,,,,,,3B/UTIL
89593-21172,2B/3B,Brandon,Brandon Drury,Drury,5.016666836208767,18,2400,KC@LAA,LAA,KC,,,,,,2B/3B/UTIL
89593-162509,1B/OF,Juan,Juan Yepez,Yepez,9.233333587646484,3,2400,STL@SEA,STL,SEA,,,,,,C/1B/OF/UTIL
89593-154422,OF,Matt,Matt Vierling,Vierling,6.986666870117188,15,2400,DET@BAL,DET,BAL,,,,,,OF/UTIL
89593-80838,1B,Luke,Luke Voit,Voit,6.545454545454546,11,2400,BOS@MIL,MIL,BOS,,,,,,C/1B/UTIL
89593-13303,C,Yasmani,Yasmani Grandal,Grandal,7.722222222222222,18,2400,CWS@TB,CWS,TB,,,,,,C/1B/UTIL
89593-5118,1B,Miguel,Miguel Cabrera,Cabrera,4.2272727272727275,11,2400,DET@BAL,DET,BAL,,,,,,C/1B/UTIL
89593-13412,2B/SS,Donovan,Donovan Solano,Solano,6.53125,16,2400,WSH@MIN,MIN,WSH,,,,,0,2B/SS/UTIL
89593-85254,C,Joey,Joey Bart,Bart,5.755555470784505,9,2400,NYM@SF,SF,NYM,,,,,,C/1B/UTIL
89593-79165,SS/2B,Gavin,Gavin Lux,Lux,7.915671277402052,134,2400,LAD@CHC,LAD,CHC,IL,Knee,,,,2B/SS/UTIL
89593-13858,C,Christian,Christian Vazquez,Vazquez,7.085714067731585,14,2400,WSH@MIN,MIN,WSH,,,,,8,C/1B/UTIL
89593-14000,1B/OF,Darin,Darin Ruf,Ruf,6.171428680419922,7,2400,NYM@SF,SF,NYM,,,,,,C/1B/OF/UTIL
89593-102283,OF,Alek,Alek Thomas,Thomas,6.847368742290296,19,2400,SD@ARI,ARI,SD,,,,,,OF/UTIL
89593-102282,OF,Jake,Jake McCarthy,McCarthy,4.863157975046258,19,2400,SD@ARI,ARI,SD,,,,,,OF/UTIL
89593-102295,OF,Stuart,Stuart Fairchild,Fairchild,6.035294027889476,17,2400,CIN@PIT,CIN,PIT,,,,,,OF/UTIL
89593-182170,OF,Oscar,Oscar Colas,Colas,6.705263238204153,19,2400,CWS@TB,CWS,TB,,,,,,OF/UTIL
89593-135218,OF,Jake,Jake Meyers,Meyers,5.487500190734863,16,2300,HOU@ATL,HOU,ATL,,,,,,OF/UTIL
89593-102475,SS,Brayan,Brayan Rocchio,Rocchio,,,2300,MIA@CLE,CLE,MIA,,,,,,SS/UTIL
89593-102485,OF,Kyle,Kyle Isbel,Isbel,5.986666870117188,15,2300,KC@LAA,KC,LAA,,,,,,OF/UTIL
89593-170471,OF,Oscar,Oscar Gonzalez,Gonzalez,4.333333333333333,15,2300,MIA@CLE,CLE,MIA,,,,,,OF/UTIL
89593-16947,2B,Jonathan,Jonathan Schoop,Schoop,3.0363637750799004,11,2300,DET@BAL,DET,BAL,,,,,,2B/UTIL
89593-12985,OF,Avisail,Avisail Garcia,Garcia,4.592857360839844,14,2300,MIA@CLE,MIA,CLE,,,,,,OF/UTIL
89593-82652,OF,Bubba,Bubba Thompson,Thompson,4.572727203369141,11,2300,OAK@TEX,TEX,OAK,,,,,,OF/UTIL
89593-82655,C,Danny,Danny Jansen,Jansen,3.683333396911621,12,2300,TOR@NYY,TOR,NYY,,,,,0,C/1B/UTIL
89593-13253,C,Martin,Martin Maldonado,Maldonado,5.307143075125558,14,2300,HOU@ATL,HOU,ATL,,,,,,C/1B/UTIL
89593-11322,2B/3B,Mike,Mike Moustakas,Moustakas,7.246153611403245,13,2300,COL@PHI,COL,PHI,,,,,0,2B/3B/UTIL
89593-38016,1B,Jesus,Jesus Aguilar,Aguilar,5.212500095367432,16,2300,OAK@TEX,OAK,TEX,,,,,,C/1B/UTIL
89593-38074,OF,Corey,Corey Dickerson,Dickerson,1.5,2,2300,WSH@MIN,WSH,MIN,IL,Calf,,,,OF/UTIL
89593-83182,C/OF,Eric,Eric Haase,Haase,4.976922842172476,13,2300,DET@BAL,DET,BAL,,,,,,C/1B/OF/UTIL
89593-5359,SS/2B,Elvis,Elvis Andrus,Andrus,6.819999694824219,20,2300,CWS@TB,CWS,TB,,,,,,2B/SS/UTIL
89593-79130,OF,Jose,Jose Azocar,Azocar,4.594444274902344,18,2300,SD@ARI,SD,ARI,,,,,,OF/UTIL
89593-79170,OF,Willie,Willie Calhoun,Calhoun,3.616666793823242,6,2300,TOR@NYY,NYY,TOR,,,,,5,OF/UTIL
89593-79234,OF,Kyle,Kyle Lewis,Lewis,5.200000127156575,6,2300,SD@ARI,ARI,SD,IL,Illness,,,,OF/UTIL
89593-101821,1B/3B,Edwin,Edwin Rios,Rios,3.466666751437717,9,2300,LAD@CHC,CHC,LAD,,,,,0,C/1B/3B/UTIL
89593-101841,OF,Edward,Edward Olivares,Olivares,6.386666870117187,15,2300,KC@LAA,KC,LAA,,,,,,OF/UTIL
89593-167500,OF,Joey,Joey Wiemer,Wiemer,6.5,19,2300,BOS@MIL,MIL,BOS,,,,,,OF/UTIL
89593-181991,1B,Ryan,Ryan Noda,Noda,7.094737002724095,19,2300,OAK@TEX,OAK,TEX,,,,,,C/1B/UTIL
89593-71507,1B,Yuli,Yuli Gurriel,Gurriel,5.8599998474121096,10,2300,MIA@CLE,MIA,CLE,,,,,,C/1B/UTIL
89593-161677,C,Nick,Nick Fortes,Fortes,3.3769231942983775,13,2300,MIA@CLE,MIA,CLE,,,,,,C/1B/UTIL
89593-171923,1B,Darick,Darick Hall,Hall,4.116666793823242,6,2300,COL@PHI,PHI,COL,IL,Thumb,,,0,C/1B/UTIL
89593-102331,2B/SS,Nicky,Nicky Lopez,Lopez,5.155555725097656,18,2300,KC@LAA,KC,LAA,,,,,,2B/SS/UTIL
89593-102504,C,Connor,Connor Wong,Wong,4.6875,16,2200,BOS@MIL,BOS,MIL,,,,,,C/1B/UTIL
89593-116867,C,Tyler,Tyler Heineman,Heineman,5.066666603088379,3,2200,CIN@PIT,PIT,CIN,,,,,,C/1B/UTIL
89593-135310,C,Chadwick,Chadwick Tromp,Tromp,0,1,2200,HOU@ATL,ATL,HOU,,,,,,C/1B/UTIL
89593-73871,C,Carson,Carson Kelly,Kelly,6.4714285714285715,105,2200,SD@ARI,ARI,SD,IL,Forearm,,,,C/1B/UTIL
89593-53586,OF,David,David Peralta,Peralta,4.3666665818956165,18,2200,LAD@CHC,LAD,CHC,,,,,,OF/UTIL
89593-82566,1B/3B,Tyler,Tyler Nevin,Nevin,3.875,4,2200,DET@BAL,DET,BAL,,,,,,C/1B/3B/UTIL
89593-82644,OF,Jesus,Jesus Sanchez,Sanchez,3.8857143947056363,14,2200,MIA@CLE,MIA,CLE,,,,,,OF/UTIL
89593-54049,2B/SS/3B,Aledmys,Aledmys Diaz,Diaz,5.2473682604338,19,2200,OAK@TEX,OAK,TEX,,,,,,2B/3B/SS/UTIL
89593-13188,3B,Jean,Jean Segura,Segura,4.323529411764706,17,2200,MIA@CLE,MIA,CLE,,,,,,3B/UTIL
89593-185300,SS,Zach,Zach Neto,Neto,5.2000002179827005,7,2200,KC@LAA,LAA,KC,,,,,,SS/UTIL
89593-70665,C,Jacob,Jacob Stallings,Stallings,4.909999847412109,10,2200,MIA@CLE,MIA,CLE,,,,,,C/1B/UTIL
89593-21573,3B,Jace,Jace Peterson,Peterson,7.5,17,2200,OAK@TEX,OAK,TEX,,,,,,3B/UTIL
89593-13390,SS/2B,Miguel,Miguel Rojas,Rojas,2.472727342085405,11,2200,LAD@CHC,LAD,CHC,IL,Hamstring,,,,2B/SS/UTIL
89593-21584,2B,Rougned,Rougned Odor,Odor,3.633333206176758,12,2200,SD@ARI,SD,ARI,,,,,,2B/UTIL
89593-38004,C,Austin,Austin Hedges,Hedges,4.659999847412109,10,2200,CIN@PIT,PIT,CIN,,,,,,C/1B/UTIL
89593-38040,OF,Eddie,Eddie Rosario,Rosario,4.323529411764706,17,2200,HOU@ATL,ATL,HOU,,,,,,OF/UTIL
89593-60635,OF,Raimel,Raimel Tapia,Tapia,4.057142802647182,14,2200,BOS@MIL,BOS,MIL,,,,,,OF/UTIL
89593-109803,C,Austin,Austin Nola,Nola,3.466666666666667,15,2200,SD@ARI,SD,ARI,,,,,,C/1B/UTIL
89593-60652,OF/3B/2B,Christian,Christian Arroyo,Arroyo,4.194117826573989,17,2200,BOS@MIL,BOS,MIL,DTD,Hamstring,,,,2B/3B/OF/UTIL
89593-83195,OF,Yonathan,Yonathan Daza,Daza,6.363157975046258,19,2200,COL@PHI,COL,PHI,,,,,7,OF/UTIL
89593-79113,C,Francisco,Francisco Mejia,Mejia,6.836363358931108,11,2200,CWS@TB,TB,CWS,,,,,,C/1B/UTIL
89593-146722,OF,Canaan,Canaan Smith-Njigba,Smith-Njigba,5.084615267240084,13,2200,CIN@PIT,PIT,CIN,,,,,,OF/UTIL
89593-38196,1B/3B,Jake,Jake Lamb,Lamb,4.383333206176758,12,2200,KC@LAA,LAA,KC,,,,,,C/1B/3B/UTIL
89593-79188,1B,Alex,Alex Kirilloff,Kirilloff,6.549999734629756,46,2200,WSH@MIN,MIN,WSH,IL,Wrist,,,0,C/1B/UTIL
89593-101753,OF/SS,Dylan,Dylan Moore,Moore,6.83831787109375,107,2200,STL@SEA,SEA,STL,IL,Oblique,,,,SS/OF/UTIL
89593-118218,2B/3B,Zach,Zach McKinstry,McKinstry,6.423076923076923,13,2200,DET@BAL,DET,BAL,,,,,,2B/3B/UTIL
89593-13771,2B/3B,Josh,Josh Harrison,Harrison,5.220000203450521,15,2200,COL@PHI,PHI,COL,,,,,7,2B/3B/UTIL
89593-118222,2B,Mark,Mark Mathias,Mathias,8.199999809265137,8,2200,CIN@PIT,PIT,CIN,,,,,,2B/UTIL
89593-79400,OF,Dylan,Dylan Carlson,Carlson,5.961538461538462,13,2200,STL@SEA,STL,SEA,,,,,,OF/UTIL
89593-71217,C,Omar,Omar Narvaez,Narvaez,5.6400001525878904,5,2200,NYM@SF,NYM,SF,IL,Calf,,,,C/1B/UTIL
89593-81511,3B/SS,Kyle,Kyle Farmer,Farmer,7.154545177112926,11,2200,WSH@MIN,MIN,WSH,IL,Mouth,,,0,3B/SS/UTIL
89593-165559,C,Yainer,Yainer Diaz,Diaz,6.25,8,2200,HOU@ATL,HOU,ATL,,,,,,C/1B/UTIL
89593-110404,2B/3B,Mike,Mike Brosseau,Brosseau,7.033333460489909,12,2200,BOS@MIL,MIL,BOS,,,,,,2B/3B/UTIL
89593-165707,3B/OF/SS,Josh,Josh Smith,Smith,4.387499809265137,16,2200,OAK@TEX,TEX,OAK,,,,,,3B/SS/OF/UTIL
89593-163674,SS,Ezequiel,Ezequiel Tovar,Tovar,5.177777608235677,18,2200,COL@PHI,COL,PHI,,,,,9,SS/UTIL
89593-163704,OF,Cooper,Cooper Hummel,Hummel,3.0399999618530273,10,2200,STL@SEA,SEA,STL,,,,,,OF/UTIL
89593-180095,OF,Will,Will Brennan,Brennan,6.887499809265137,16,2200,MIA@CLE,CLE,MIA,,,,,,OF/UTIL
89593-102288,OF,Drew,Drew Waters,Waters,8.806249618530273,32,2200,KC@LAA,KC,LAA,IL,Oblique,,,,OF/UTIL
89593-102365,C,Francisco,Francisco Alvarez,Alvarez,2.242857115609305,7,2200,NYM@SF,NYM,SF,,,,,,C/1B/UTIL
89593-102424,3B/SS,Kevin,Kevin Smith,Smith,3.418181679465554,11,2100,OAK@TEX,OAK,TEX,,,,,,3B/SS/UTIL
89593-82021,C,Tomas,Tomas Nido,Nido,2.4499999455043246,14,2100,NYM@SF,NYM,SF,,,,,,C/1B/UTIL
89593-116841,OF,Sam,Sam Haggerty,Haggerty,4.150000095367432,8,2100,STL@SEA,SEA,STL,IL,Concussion,,,,OF/UTIL
89593-73832,SS/3B,Joey,Joey Wendle,Wendle,0.75,4,2100,MIA@CLE,MIA,CLE,IL,Ribs,,,,3B/SS/UTIL
89593-135284,C,Riley,Riley Adams,Adams,1,3,2100,WSH@MIN,WSH,MIN,,,,,,C/1B/UTIL
89593-135288,SS,Alan,Alan Trejo,Trejo,3.3133333841959636,15,2100,COL@PHI,COL,PHI,,,,,8,SS/UTIL
89593-119305,OF,Kyle,Kyle Stowers,Stowers,1.5,4,2100,DET@BAL,BAL,DET,,,,,,OF/UTIL
89593-119377,OF,Matt,Matt Wallner,Wallner,2.0333333015441895,6,2100,WSH@MIN,MIN,WSH,,,,,0,OF/UTIL
89593-12900,1B,Brandon,Brandon Belt,Belt,7.008333206176758,12,2100,TOR@NYY,TOR,NYY,,,,,7,C/1B/UTIL
89593-17012,C,Curt,Curt Casali,Casali,3.028571537562779,7,2100,CIN@PIT,CIN,PIT,,,,,,C/1B/UTIL
89593-119412,1B/2B/OF,Owen,Owen Miller,Miller,5.633333206176758,12,2100,BOS@MIL,MIL,BOS,,,,,,C/1B/2B/OF/UTIL
89593-82558,OF,Conner,Conner Capel,Capel,5.5941175573012405,17,2100,OAK@TEX,OAK,TEX,,,,,,OF/UTIL
89593-82589,1B,Nick,Nick Pratto,Pratto,1.5,2,2100,KC@LAA,KC,LAA,,,,,,C/1B/UTIL
89593-21165,C,Roberto,Roberto Perez,Perez,3.1,5,2100,NYM@SF,SF,NYM,IL,Shoulder,,,,C/1B/UTIL
89593-82642,OF,Heliot,Heliot Ramos,Ramos,2.6875,8,2100,NYM@SF,SF,NYM,,,,,,OF/UTIL
89593-17171,C,James,James McCann,McCann,3.1399999618530274,5,2100,DET@BAL,BAL,DET,,,,,,C/1B/UTIL
89593-17198,2B/3B,Tommy,Tommy La Stella,La Stella,3.4888888465033636,9,2100,STL@SEA,SEA,STL,,,,,,2B/3B/UTIL
89593-119637,3B/2B,Ezequiel,Ezequiel Duran,Duran,3.9500001271565757,12,2100,OAK@TEX,TEX,OAK,,,,,,2B/3B/UTIL
89593-70518,OF,Taylor,Taylor Motter,Motter,3.9285714285714284,7,2100,STL@SEA,STL,SEA,,,,,,OF/UTIL
89593-68533,OF,Brett,Brett Phillips,Phillips,2.7700000762939454,10,2100,KC@LAA,LAA,KC,,,,,,OF/UTIL
89593-52153,OF,David,David Dahl,Dahl,4.675000190734863,4,2100,SD@ARI,SD,ARI,IL,Quadriceps,,,,OF/UTIL
89593-52162,3B/1B,Hunter,Hunter Dozier,Dozier,4.046153728778545,13,2100,KC@LAA,KC,LAA,,,,,,C/1B/3B/UTIL
89593-80848,C,Victor,Victor Caratini,Caratini,5.362500190734863,8,2100,BOS@MIL,MIL,BOS,,,,,,C/1B/UTIL
89593-80852,2B/SS/3B,Ildemaro,Ildemaro Vargas,Vargas,1.5499999523162842,8,2100,WSH@MIN,WSH,MIN,IL,Shoulder,,,,2B/3B/SS/UTIL
89593-13304,C,Tucker,Tucker Barnhart,Barnhart,2.7700000762939454,10,2100,LAD@CHC,CHC,LAD,,,,,9,C/1B/UTIL
89593-82977,SS/OF,Isiah,Isiah Kiner-Falefa,Kiner-Falefa,3.093333435058594,15,2100,TOR@NYY,NYY,TOR,,,,,0,SS/OF/UTIL
89593-21637,OF,Jackie,Jackie Bradley Jr.,Bradley Jr.,2.8642856052943637,14,2100,KC@LAA,KC,LAA,,,,,,OF/UTIL
89593-60641,SS/OF/2B,Nick,Nick Gordon,Gordon,2.5411765154670265,17,2100,WSH@MIN,MIN,WSH,,,,,0,2B/SS/OF/UTIL
89593-79087,1B/2B/3B,Michael,Michael Chavis,Chavis,3.0875000953674316,8,2100,WSH@MIN,WSH,MIN,,,,,,C/1B/2B/3B/UTIL
89593-79119,OF,Will,Will Benson,Benson,0.75,8,2100,CIN@PIT,CIN,PIT,,,,,,OF/UTIL
89593-85277,2B/3B,Cavan,Cavan Biggio,Biggio,4.608333269755046,12,2100,TOR@NYY,TOR,NYY,,,,,0,2B/3B/UTIL
89593-79152,1B,Matt,Matt Thaiss,Thaiss,3.066666603088379,6,2100,KC@LAA,LAA,KC,,,,,,C/1B/UTIL
89593-79156,2B/SS,David,David Fletcher,Fletcher,1.1875,8,2100,KC@LAA,LAA,KC,,,,,,2B/SS/UTIL
89593-38247,2B/3B,Hanser,Hanser Alberto,Alberto,5.574999809265137,8,2100,CWS@TB,CWS,TB,IL,Quadriceps,,,,2B/3B/UTIL
89593-38297,C,Austin,Austin Barnes,Barnes,2.0222223069932728,9,2100,LAD@CHC,LAD,CHC,,,,,,C/1B/UTIL
89593-118204,OF,Ryan,Ryan McKenna,McKenna,3.116666793823242,12,2100,DET@BAL,BAL,DET,,,,,,OF/UTIL
89593-173546,OF,Nate,Nate Eaton,Eaton,1.5166667302449544,12,2100,KC@LAA,KC,LAA,,,,,,OF/UTIL
89593-173548,2B,Michael,Michael Massey,Massey,2.623529322007123,17,2100,KC@LAA,KC,LAA,,,,,,2B/UTIL
89593-175654,OF,Bryce,Bryce Johnson,Johnson,2.7899999618530273,10,2100,NYM@SF,SF,NYM,IL,Concussion,,,,OF/UTIL
89593-13894,OF,Aaron,Aaron Hicks,Hicks,2.324999968210856,12,2100,TOR@NYY,NYY,TOR,,,,,0,OF/UTIL
89593-161418,2B,Romy,Romy Gonzalez,Gonzalez,1.4000000586876502,13,2100,CWS@TB,CWS,TB,,,,,,2B/UTIL
89593-165544,SS,Lenyn,Lenyn Sosa,Sosa,4.822222391764323,9,2100,CWS@TB,CWS,TB,,,,,,SS/UTIL
89593-165550,SS,Ryan,Ryan Kreidler,Kreidler,1.1272726925936611,11,2100,DET@BAL,DET,BAL,,,,,,SS/UTIL
89593-102285,OF,Cristian,Cristian Pache,Pache,1.5357142857142858,14,2100,COL@PHI,PHI,COL,,,,,9,OF/UTIL
89593-102380,SS,Nick,Nick Allen,Allen,1.5499999523162842,8,2100,OAK@TEX,OAK,TEX,,,,,,SS/UTIL
89593-180208,2B,Miles,Miles Mastrobuoni,Mastrobuoni,3.4625000953674316,8,2100,LAD@CHC,CHC,LAD,,,,,0,2B/UTIL
89593-102406,2B,Vidal,Vidal Brujan,Brujan,4.1299999237060545,10,2000,CWS@TB,TB,CWS,,,,,,2B/UTIL
89593-102411,C,Andrew,Andrew Knizner,Knizner,2.0333333015441895,6,2000,STL@SEA,STL,SEA,,,,,,C/1B/UTIL
89593-102418,OF,Eli,Eli White,White,3.0399999618530273,5,2000,HOU@ATL,ATL,HOU,,,,,,OF/UTIL
89593-135194,C,Freddy,Freddy Fermin,Fermin,1.0666666825612385,3,2000,KC@LAA,KC,LAA,,,,,,C/1B/UTIL
89593-79896,C,Luis,Luis Torrens,Torrens,3.1416667302449546,12,2000,LAD@CHC,CHC,LAD,,,,,0,C/1B/UTIL
89593-102427,3B,Jordan,Jordan Groshans,Groshans,6.164706061868107,17,2000,MIA@CLE,MIA,CLE,,,,,,3B/UTIL
89593-104483,1B,Jared,Jared Walsh,Walsh,7.323728917008739,118,2000,KC@LAA,LAA,KC,IL,Head,,,,C/1B/UTIL
89593-102452,OF,Nelson,Nelson Velazquez,Velazquez,23.799999237060547,2,2000,LAD@CHC,CHC,LAD,,,,,0,OF/UTIL
89593-104511,OF,Kyle,Kyle Garlick,Garlick,6.233333587646484,3,2000,WSH@MIN,MIN,WSH,,,,,0,OF/UTIL
89593-102486,OF,Blake,Blake Perkins,Perkins,0,2,2000,BOS@MIL,MIL,BOS,,,,,,OF/UTIL
89593-102488,3B,Emmanuel,Emmanuel Rivera,Rivera,7.668627570657169,102,2000,SD@ARI,ARI,SD,,,,,,3B/UTIL
89593-135305,OF/3B,Tucupita,Tucupita Marcano,Marcano,3.9571429661342075,7,2000,CIN@PIT,PIT,CIN,,,,,,3B/OF/UTIL
89593-102546,SS/2B,Gabriel,Gabriel Arias,Arias,3.284615443303035,13,2000,MIA@CLE,CLE,MIA,,,,,,2B/SS/UTIL
89593-102550,C,Luis,Luis Campusano,Campusano,6.228571210588727,7,2000,SD@ARI,SD,ARI,IL,Thumb,,,,C/1B/UTIL
89593-184480,C,Cesar,Cesar Salazar,Salazar,2.0333333015441895,6,2000,HOU@ATL,HOU,ATL,,,,,,C/1B/UTIL
89593-102577,2B,Santiago,Santiago Espinal,Espinal,4.216666539510091,12,2000,TOR@NYY,TOR,NYY,,,,,9,2B/UTIL
89593-82251,OF,Tim,Tim Locastro,Locastro,3.5499998728434243,12,2000,NYM@SF,NYM,SF,IL,Back,,,,OF/UTIL
89593-170321,C,Brian,Brian Serven,Serven,2.5833333333333335,6,2000,COL@PHI,COL,PHI,,,,,0,C/1B/UTIL
89593-84401,1B,Brandon,Brandon Dixon,Dixon,1.8399999618530274,5,2000,SD@ARI,SD,ARI,,,,,,C/1B/UTIL
89593-119318,OF/3B,Christopher,Christopher Morel,Morel,8.986725663716815,113,2000,LAD@CHC,CHC,LAD,,,,,0,3B/OF/UTIL
89593-119333,SS,Tyler,Tyler Freeman,Freeman,9,1,2000,MIA@CLE,CLE,MIA,DTD,Shoulder,,,,SS/UTIL
89593-158244,3B,Yonny,Yonny Hernandez,Hernandez,0,1,2000,LAD@CHC,LAD,CHC,,,,,,3B/UTIL
89593-119337,1B,Michael,Michael Toglia,Toglia,7.516129032258065,31,2000,COL@PHI,COL,PHI,,,,,0,C/1B/UTIL
89593-80457,OF,Adam,Adam Engel,Engel,4.259663814256172,119,2000,SD@ARI,SD,ARI,IL,Hamstring,,,,OF/UTIL
89593-80462,SS,Paul,Paul DeJong,DeJong,5.4012818947816505,78,2000,STL@SEA,STL,SEA,IL,Back,,,,SS/UTIL
89593-80485,OF,Austin,Austin Slater,Slater,6.59839990234375,125,2000,NYM@SF,SF,NYM,IL,Hamstring,,,,OF/UTIL
89593-119401,C,Rafael,Rafael Marchan,Marchan,,,2000,COL@PHI,PHI,COL,IL,Wrist,,,0,C/1B/UTIL
89593-12919,2B/SS,Jose,Jose Iglesias,Iglesias,7.678813352423199,118,2000,MIA@CLE,MIA,CLE,,,,,,2B/SS/UTIL
89593-82555,3B/SS,Willi,Willi Castro,Castro,4.561538402850811,13,2000,WSH@MIN,MIN,WSH,,,,,0,3B/SS/UTIL
89593-82556,OF,Taylor,Taylor Trammell,Trammell,5.586956521739131,46,2000,STL@SEA,SEA,STL,IL,Hand,,,,OF/UTIL
89593-82563,2B/OF,Garrett,Garrett Hampson,Hampson,5.844444274902344,9,2000,MIA@CLE,MIA,CLE,,,,,,2B/OF/UTIL
89593-119445,C,Israel,Israel Pineda,Pineda,2.299999952316284,4,2000,WSH@MIN,WSH,MIN,IL,Finger,,,,C/1B/UTIL
89593-82608,SS,Royce,Royce Lewis,Lewis,8.541666666666666,12,2000,WSH@MIN,MIN,WSH,IL,Knee,,,0,SS/UTIL
89593-82616,2B/3B/SS,Luis,Luis Guillorme,Guillorme,5.560000101725261,15,2000,NYM@SF,NYM,SF,,,,,,2B/3B/SS/UTIL
89593-82619,OF,Estevan,Estevan Florial,Florial,0,1,2000,TOR@NYY,NYY,TOR,,,,,0,OF/UTIL
89593-82620,OF,Nick,Nick Solak,Solak,5.537142944335938,35,2000,HOU@ATL,ATL,HOU,,,,,,OF/UTIL
89593-21183,C,Carlos,Carlos Perez,Perez,5.674999872843425,12,2000,OAK@TEX,OAK,TEX,,,,,,C/1B/UTIL
89593-82626,OF,Adam,Adam Haseley,Haseley,0,1,2000,CWS@TB,CWS,TB,,,,,,OF/UTIL
89593-82637,1B,Evan,Evan White,White,,,2000,STL@SEA,SEA,STL,IL,Thigh,,,,C/1B/UTIL
89593-17105,C,Sandy,Sandy Leon,Leon,7.466666539510091,3,2000,OAK@TEX,TEX,OAK,,,,,,C/1B/UTIL
89593-82659,3B,Carter,Carter Kieboom,Kieboom,,,2000,WSH@MIN,WSH,MIN,IL,Shoulder,,,,3B/UTIL
89593-13209,C,Manny,Manny Pina,Pina,4.44000015258789,5,2000,OAK@TEX,OAK,TEX,IL,Wrist,,,,C/1B/UTIL
89593-68537,OF/2B/SS,Tyler,Tyler Wade,Wade,3.5333334604899087,6,2000,OAK@TEX,OAK,TEX,,,,,,2B/SS/OF/UTIL
89593-52157,C,Tom,Tom Murphy,Murphy,1.125,8,2000,STL@SEA,SEA,STL,,,,,,C/1B/UTIL
89593-52158,2B/SS,Trevor,Trevor Story,Story,11.1553188892121,94,2000,BOS@MIL,BOS,MIL,IL,Elbow,,,,2B/SS/UTIL
89593-68554,SS,Andrew,Andrew Velazquez,Velazquez,5.3312001953125,125,2000,KC@LAA,LAA,KC,,,,,,SS/UTIL
89593-185303,3B,Jose,Jose Caballero,Caballero,5.300000190734863,4,2000,STL@SEA,SEA,STL,,,,,,3B/UTIL
89593-97291,2B/3B,Harold,Harold Castro,Castro,3.1999998826246996,13,2000,COL@PHI,COL,PHI,,,,,0,2B/3B/UTIL
89593-13378,2B/SS,Leury,Leury Garcia,Garcia,4.8747475363991475,99,2000,CWS@TB,CWS,TB,,,,,,2B/SS/UTIL
89593-13436,C,Max,Max Stassi,Stassi,6.180392396216299,102,2000,KC@LAA,LAA,KC,IL,Hip,,,,C/1B/UTIL
89593-179362,OF,Dalton,Dalton Guthrie,Guthrie,5.606666564941406,15,2000,COL@PHI,PHI,COL,,,,,0,OF/UTIL
89593-13535,2B/3B/OF,Ehire,Ehire Adrianza,Adrianza,0,3,2000,HOU@ATL,ATL,HOU,,,,,,2B/3B/OF/UTIL
89593-83180,C,Meibrys,Meibrys Viloria,Viloria,0.42857142857142855,7,2000,MIA@CLE,CLE,MIA,,,,,,C/1B/UTIL
89593-83191,C,Austin,Austin Wynns,Wynns,3.2,5,2000,LAD@CHC,LAD,CHC,,,,,,C/1B/UTIL
89593-85249,1B,Bobby,Bobby Dalbec,Dalbec,4.5,4,2000,BOS@MIL,BOS,MIL,,,,,,C/1B/UTIL
89593-79112,3B,Yu,Yu Chang,Chang,4.23999989827474,15,2000,BOS@MIL,BOS,MIL,,,,,,3B/UTIL
89593-85273,3B,Rylan,Rylan Bannon,Bannon,1.8,5,2000,HOU@ATL,HOU,ATL,,,,,,3B/UTIL
89593-79128,C,Garrett,Garrett Stubbs,Stubbs,3.6799999237060548,5,2000,COL@PHI,PHI,COL,,,,,0,C/1B/UTIL
89593-146720,3B,Jordan,Jordan Diaz,Diaz,14.100000381469727,2,2000,OAK@TEX,OAK,TEX,,,,,,3B/UTIL
89593-79141,1B,Ryan,Ryan O'Hearn,O'Hearn,8.875,4,2000,DET@BAL,BAL,DET,,,,,,C/1B/UTIL
89593-79190,C,Ben,Ben Rortvedt,Rortvedt,,,2000,TOR@NYY,NYY,TOR,IL,Shoulder,,,0,C/1B/UTIL
89593-79215,1B,Rhys,Rhys Hoskins,Hoskins,10.234104046242775,173,2000,COL@PHI,PHI,COL,IL,Knee,,,0,C/1B/UTIL
89593-5488,1B,Joey,Joey Votto,Votto,8.37032980447287,91,2000,CIN@PIT,CIN,PIT,IL,Shoulder,,,,C/1B/UTIL
89593-181642,3B,Enmanuel,Enmanuel Valdez,Valdez,6,1,2000,BOS@MIL,BOS,MIL,,,,,,3B/UTIL
89593-152972,2B/3B/SS,Luke,Luke Williams,Williams,2.25,4,2000,LAD@CHC,LAD,CHC,,,,,,2B/3B/SS/UTIL
89593-38299,OF,Kevin,Kevin Pillar,Pillar,3.9454546841708096,11,2000,HOU@ATL,ATL,HOU,,,,,,OF/UTIL
89593-181662,OF,Nathan,Nathan Lukes,Lukes,1.2399999618530273,5,2000,TOR@NYY,TOR,NYY,,,,,0,OF/UTIL
89593-101820,1B/OF,Matt,Matt Beaty,Beaty,2.424999952316284,4,2000,NYM@SF,SF,NYM,,,,,,C/1B/OF/UTIL
89593-181790,OF,Diego,Diego Hernandez,Hernandez,,,2000,KC@LAA,KC,LAA,IL,Shoulder,,,,OF/UTIL
89593-181820,2B,Brett,Brett Wisely,Wisely,0.6,5,2000,NYM@SF,SF,NYM,,,,,,2B/UTIL
89593-81506,OF,Jordan,Jordan Luplow,Luplow,1.5499999523162842,4,2000,TOR@NYY,TOR,NYY,,,,,0,OF/UTIL
89593-116339,3B/2B,Abraham,Abraham Toro,Toro,5.8412845156608375,109,2000,BOS@MIL,MIL,BOS,,,,,,2B/3B/UTIL
89593-81570,C,Cam,Cam Gallagher,Gallagher,3.142857142857143,7,2000,MIA@CLE,CLE,MIA,,,,,,C/1B/UTIL
89593-163533,C,Jose,Jose Herrera,Herrera,5.771428789411273,7,2000,SD@ARI,ARI,SD,DTD,Head,,,,C/1B/UTIL
89593-52995,C,Luke,Luke Maile,Maile,2.0333333015441895,6,2000,CIN@PIT,CIN,PIT,,,,,,C/1B/UTIL
89593-163662,2B,Jonathan,Jonathan Aranda,Aranda,4.84375,32,2000,CWS@TB,TB,CWS,,,,,,2B/UTIL
89593-163661,SS,Eguy,Eguy Rosario,Rosario,0.8571428571428571,7,2000,SD@ARI,SD,ARI,IL,Ankle,,,,SS/UTIL
89593-104273,C,Anthony,Anthony Bemboom,Bemboom,1,3,2000,DET@BAL,BAL,DET,,,,,,C/1B/UTIL
89593-102317,SS,Terrin,Terrin Vavra,Vavra,2.816666603088379,12,2000,DET@BAL,BAL,DET,,,,,,SS/UTIL
89593-102320,OF,Luis,Luis Gonzalez,Gonzalez,7.379591961296237,98,2000,NYM@SF,SF,NYM,IL,Back,,,,OF/UTIL
89593-102322,2B/3B,Nick,Nick Madrigal,Madrigal,6.2,15,2000,LAD@CHC,CHC,LAD,,,,,0,2B/3B/UTIL
89593-102326,2B,Kody,Kody Clemens,Clemens,1.3142856870378767,7,2000,COL@PHI,PHI,COL,,,,,0,2B/UTIL
89593-163772,C,Brett,Brett Sullivan,Sullivan,0,2,2000,SD@ARI,SD,ARI,,,,,,C/1B/UTIL
89593-102340,SS,Jeter,Jeter Downs,Downs,4.271428516932896,14,2000,WSH@MIN,WSH,MIN,,,,,,SS/UTIL
89593-102356,OF,Gilberto,Gilberto Celestino,Celestino,4.819672131147541,122,2000,WSH@MIN,MIN,WSH,IL,Thumb,,,0,OF/UTIL